旅宿名稱,地址,電話,官方網站,總房間數,定價,定價i,星級
台北艾麗酒店,臺北市信義區松高路18號,02-66318000,http://humblehousehotels.com/,235間,NT$0-19000(定價係指各種房型之最高備查價格區間，各房型實際售價請依旅宿業者公布為主。),0,-
慕誠行旅,臺北市信義區基隆路二段48號1樓至3樓,02-27252168,-,33間,NT$100-50000(定價係指各種房型之最高備查價格區間，各房型實際售價請依旅宿業者公布為主。),100,-
卡夫人背包客棧,臺北市中正區館前路34號7樓,02-23881666,https://www.cavemen.com.tw/,14間,NT$300-6000(定價係指各種房型之最高備查價格區間，各房型實際售價請依旅宿業者公布為主。),300,-
天使青旅,臺北市中正區衡陽路51號2樓之2,02-23131319,-,8間,NT$399-1320(定價係指各種房型之最高備查價格區間，各房型實際售價請依旅宿業者公布為主。),399,-
愛玩客旅店,臺北市萬華區西寧南路30號12樓,02-23316008,-,1間,NT$500-2000(定價係指各種房型之最高備查價格區間，各房型實際售價請依旅宿業者公布為主。),500,-
福來旅社,臺北市大同區南京西路344巷13號1-4樓,02-2555085725550427,-,37間,NT$500-1000(定價係指各種房型之最高備查價格區間，各房型實際售價請依旅宿業者公布為主。),500,-
台北北門窩泊旅,臺北市大同區太原路92巷2之1、2之2、2之3、2之4號(1樓至4樓),02-25525068,http://www.wowposhtel.com,19間,NT$540-4500(定價係指各種房型之最高備查價格區間，各房型實際售價請依旅宿業者公布為主。),540,-
西門希爾商旅,臺北市萬華區峨眉街28號4樓之1、4樓之2、4樓之3,02-23810081,https://hotelshere.com.tw,15間,NT$600-4800(定價係指各種房型之最高備查價格區間，各房型實際售價請依旅宿業者公布為主。),600,-
五月家青旅北車館,臺北市中正區忠孝西路一段122號6樓,02-23822929,https://mayrooms.info/main-station/,5間,NT$600-4000(定價係指各種房型之最高備查價格區間，各房型實際售價請依旅宿業者公布為主。),600,-
獅城旅館,臺北市大同區華陰街179號3-5樓,02-25591231,-,67間,NT$600-2480(定價係指各種房型之最高備查價格區間，各房型實際售價請依旅宿業者公布為主。),600,-
大安公園旅店,臺北市中正區信義路2段271號8樓,02-23965222,https://www.daanparkhotel.com,13間,NT$600-3600(定價係指各種房型之最高備查價格區間，各房型實際售價請依旅宿業者公布為主。),600,-
東門3號膠囊旅店,臺北市大安區信義路2段110號,02-23583299,https://book-directonline.com/properties/dongmen3capsuleinndirect?checkInDate=2021-03-05&checkOutDate=2021-03-06&locale=zh-TW&currency=TWD&items[0][adults]=2&items[0][children]=0&items[0][infants]=0,4間,NT$600-2000(定價係指各種房型之最高備查價格區間，各房型實際售價請依旅宿業者公布為主。),600,-
龍蝦先生的秘密巢穴,臺北市大同區重慶北路一段22號9樓,02-25558752,-,33間,NT$640-4400(定價係指各種房型之最高備查價格區間，各房型實際售價請依旅宿業者公布為主。),640,-
東門大旅社,臺北市中正區臨沂街78號2-4樓,02-23560210,https://www.facebook.com/dongmenhotel,26間,NT$650-2200(定價係指各種房型之最高備查價格區間，各房型實際售價請依旅宿業者公布為主。),650,-
拉開門輕旅,臺北市中正區紹興北街8號4樓之1至4樓之3,02-33223599,-,6間,NT$700-3000(定價係指各種房型之最高備查價格區間，各房型實際售價請依旅宿業者公布為主。),700,-
真珠賓館,臺北市士林區延平北路五段67號3樓,02-28127971,-,6間,NT$700-700(定價係指各種房型之最高備查價格區間，各房型實際售價請依旅宿業者公布為主。),700,-
華宮旅社,臺北市萬華區西昌街157號,02-23142627,-,14間,NT$700-700(定價係指各種房型之最高備查價格區間，各房型實際售價請依旅宿業者公布為主。),700,-
品格子旅店西門館,臺北市萬華區西寧南路30號8樓,02-23618008,-,35間,NT$750-7600(定價係指各種房型之最高備查價格區間，各房型實際售價請依旅宿業者公布為主。),750,-
力歐時尚旅館西門館,"臺北市萬華區康定路25巷36弄4,6號2-4樓",02-23889855,-,17間,NT$800-3000(定價係指各種房型之最高備查價格區間，各房型實際售價請依旅宿業者公布為主。),800,-
好域旅店,臺北市中山區華陰街28號1-3樓,02-25625082,https://www.taiwanstay.net.tw/room/19066,12間,NT$800-8000(定價係指各種房型之最高備查價格區間，各房型實際售價請依旅宿業者公布為主。),800,-
所在行旅,臺北市中正區忠孝西路一段50號24樓之6,02-77552077,-,2間,NT$800-12000(定價係指各種房型之最高備查價格區間，各房型實際售價請依旅宿業者公布為主。),800,-
大榮大旅社,臺北市萬華區西寧南路185號2-4樓,02-23316527,-,17間,NT$800-800(定價係指各種房型之最高備查價格區間，各房型實際售價請依旅宿業者公布為主。),800,-
趣旅館‧林森館,臺北市中山區林森北路487號1樓至2樓,02-25683242,http://www.hotelfuntw.com/,123間,NT$850-3650(定價係指各種房型之最高備查價格區間，各房型實際售價請依旅宿業者公布為主。),850,-
松林旅社,臺北市萬華區桂林路174號3至5樓及夾層、176號1至5樓及夾層,02-23067122~3,http://songlin.tw/,31間,NT$850-2600(定價係指各種房型之最高備查價格區間，各房型實際售價請依旅宿業者公布為主。),850,-
光漾昶品旅館,臺北市大同區重慶北路1段1號10樓之1,02-25597605,https://www.apt10f.com,9間,NT$900-4000(定價係指各種房型之最高備查價格區間，各房型實際售價請依旅宿業者公布為主。),900,-
黛芬旅館,臺北市萬華區昆明街76號3樓,"02-23719751,23115170",-,15間,NT$900-900(定價係指各種房型之最高備查價格區間，各房型實際售價請依旅宿業者公布為主。),900,-
緒遠旅館,臺北市中山區錦州街20號3樓,02-25682005,-,8間,NT$980-1580(定價係指各種房型之最高備查價格區間，各房型實際售價請依旅宿業者公布為主。),980,-
日日吉旅店,臺北市大同區昌吉街1號1樓至3樓,02-25991787,-,21間,NT$980-2380(定價係指各種房型之最高備查價格區間，各房型實際售價請依旅宿業者公布為主。),980,-
在家行旅,臺北市中山區中山北路二段65巷2弄3號1-4樓,02-25413959,-,15間,NT$1000-6200(定價係指各種房型之最高備查價格區間，各房型實際售價請依旅宿業者公布為主。),1000,-
柯達大飯店台北長安,臺北市中山區松江路61之1號1樓、4樓至11樓,02-25169999,http://changan.khotels.com.tw/zh-TW/,103間,NT$1000-30000(定價係指各種房型之最高備查價格區間，各房型實際售價請依旅宿業者公布為主。),1000,-
合星旅館,臺北市大安區忠孝東路四段147巷5號3樓,02-27218225,https://www.starhosteleast.com/,18間,NT$1000-5000(定價係指各種房型之最高備查價格區間，各房型實際售價請依旅宿業者公布為主。),1000,-
柯達大飯店(台北一店),臺北市中山區中山北路二段11巷1號,02-25422222,http://taipei1.khotels.com.tw/zh-TW/,53間,NT$1000-22000(定價係指各種房型之最高備查價格區間，各房型實際售價請依旅宿業者公布為主。),1000,-
柯達大飯店台北二店,臺北市中山區中山北路二段139號,02-25255555,http://taipei2.khotels.com.tw/zh-TW/,87間,NT$1000-20000(定價係指各種房型之最高備查價格區間，各房型實際售價請依旅宿業者公布為主。),1000,-
景美大旅社,臺北市文山區景文街104號2-4樓,02-29313788,-,12間,NT$1000-1500(定價係指各種房型之最高備查價格區間，各房型實際售價請依旅宿業者公布為主。),1000,-
瘋台北青旅,臺北市中正區延平南路21號2樓及6樓,02-23821818,http://www.funinn.com.tw,17間,NT$1000-4800(定價係指各種房型之最高備查價格區間，各房型實際售價請依旅宿業者公布為主。),1000,-
大昌旺商旅,臺北市中山區天津街43號1至4樓,02-21001118,https://www.agoda.com/zh-tw/hostel103cafe/hotel/taipei-tw.html?cid=1844104,21間,NT$1000-3000(定價係指各種房型之最高備查價格區間，各房型實際售價請依旅宿業者公布為主。),1000,-
古山園旅社,臺北市萬華區華西街40巷16號,02-23067408,-,20間,NT$1000-2600(定價係指各種房型之最高備查價格區間，各房型實際售價請依旅宿業者公布為主。),1000,-
柯達大飯店台北林森,"臺北市中山區林森北路74號,76號1樓至8樓",02-25712222,http://linsen.khotels.com.tw/zh-TW/,49間,NT$1000-10000(定價係指各種房型之最高備查價格區間，各房型實際售價請依旅宿業者公布為主。),1000,-
安庭台北商務旅館,臺北市大安區忠孝東路四段197號12樓、12樓之1、12樓之4、12樓之5、12樓之9,02-27780920,-,41間,NT$1000-8800(定價係指各種房型之最高備查價格區間，各房型實際售價請依旅宿業者公布為主。),1000,-
國州大旅社,臺北市文山區羅斯福路四段208號1-2樓,02-23652284,https://mayrooms.info/ntu/,13間,NT$1000-3600(定價係指各種房型之最高備查價格區間，各房型實際售價請依旅宿業者公布為主。),1000,-
米尼旅店,臺北市中正區忠孝西路一段23號5至6樓,02-23881516,https://miniinn.business.site/,8間,NT$1000-3260(定價係指各種房型之最高備查價格區間，各房型實際售價請依旅宿業者公布為主。),1000,-
芝加格旅館,臺北市中山區林森北路119巷41號,0955-623501,-,14間,NT$1000-1000(定價係指各種房型之最高備查價格區間，各房型實際售價請依旅宿業者公布為主。),1000,-
世方旅居文旅,"臺北市中山區松江路485號1至5樓,5樓之1-3,6-7樓,7樓之1-5",02-25025000,https://www.hubhotel.com.tw/tsa/index.html,121間,NT$1000-12000(定價係指各種房型之最高備查價格區間，各房型實際售價請依旅宿業者公布為主。),1000,-
夾腳拖的家長安122,臺北市大同區長安西路122號、124號1至4樓,02-25585050,http://www.flipflophostel.com,31間,NT$1000-5000(定價係指各種房型之最高備查價格區間，各房型實際售價請依旅宿業者公布為主。),1000,-
窩客工作旅店,臺北市中正區公園路13號8樓、9樓,02-89782345,-,49間,NT$1000-1700(定價係指各種房型之最高備查價格區間，各房型實際售價請依旅宿業者公布為主。),1000,-
客來思樂行旅,"臺北市大安區羅斯福路3段241號4-6樓,4-6樓之1",02-23626555,-,20間,NT$1080-1380(定價係指各種房型之最高備查價格區間，各房型實際售價請依旅宿業者公布為主。),1080,-
小雅旅店,臺北市松山區八德路四段616號5樓,02-27631122,https://www.taipeihotels.tw/Hotels/hotel/293,17間,NT$1100-6400(定價係指各種房型之最高備查價格區間，各房型實際售價請依旅宿業者公布為主。),1100,-
欣和大旅社,臺北市大安區羅斯福路2段75-1號2-6樓,02-23660105,-,38間,NT$1100-2400(定價係指各種房型之最高備查價格區間，各房型實際售價請依旅宿業者公布為主。),1100,-
欣欣時尚旅店,臺北市萬華區昆明街34號4樓,02-23112898,http://www.shinshinhotel.com,13間,NT$1100-5600(定價係指各種房型之最高備查價格區間，各房型實際售價請依旅宿業者公布為主。),1100,-
華冠商旅HOTEL,臺北市萬華區西昌街137	、139號1-6樓,02-23616076,-,46間,NT$1100-1500(定價係指各種房型之最高備查價格區間，各房型實際售價請依旅宿業者公布為主。),1100,-
紅菱閣賓館,"臺北市萬華區峨嵋街80,82號",02-23619696,http://redcabin.mmmtravel.com.tw/,27間,NT$1130-2380(定價係指各種房型之最高備查價格區間，各房型實際售價請依旅宿業者公布為主。),1130,-
一加一旅館,臺北市萬華區萬華區昆明街34號3樓,02-23892886,-,13間,NT$1200-2200(定價係指各種房型之最高備查價格區間，各房型實際售價請依旅宿業者公布為主。),1200,-
新榮大旅社,臺北市士林區文林路116號,02-28812531,-,18間,NT$1200-1700(定價係指各種房型之最高備查價格區間，各房型實際售價請依旅宿業者公布為主。),1200,-
小角落旅店,臺北市大同區民族西路33號(1至4樓),02-25991699,https://www.5elementsdesignhotels.com/,5間,NT$1200-14400(定價係指各種房型之最高備查價格區間，各房型實際售價請依旅宿業者公布為主。),1200,-
小王子甜蜜旅店,臺北市萬華區漢中街42號9樓,02-23820225,-,9間,NT$1280-6000(定價係指各種房型之最高備查價格區間，各房型實際售價請依旅宿業者公布為主。),1280,-
旅莊Urhome,臺北市中山區中山北路一段105巷12-6號2至8樓,02-21001023,http://www.tpeurhome.com/index.html,32間,NT$1280-9800(定價係指各種房型之最高備查價格區間，各房型實際售價請依旅宿業者公布為主。),1280,-
苓旅旅館中山館,"臺北市中山區建國北路2段91號1樓,93號1至7樓,2樓-1至7樓-1,95巷2號1樓,4號1樓",02-25084588,https://www.taiwanstay.net.tw/room/20706,42間,NT$1280-8580(定價係指各種房型之最高備查價格區間，各房型實際售價請依旅宿業者公布為主。),1280,-
香榭峇里賓館,臺北市大安區忠孝東路三段305號7樓,02-27114159,-,9間,NT$1290-1390(定價係指各種房型之最高備查價格區間，各房型實際售價請依旅宿業者公布為主。),1290,-
旅晨行旅,臺北市中正區重慶南路一段1號2樓,02-23116388,-,23間,NT$1300-7200(定價係指各種房型之最高備查價格區間，各房型實際售價請依旅宿業者公布為主。),1300,-
睡覺盒子旅館,臺北市中正區衡陽路34號1樓及36號地下之1、地下之2,02-55713713,-,41間,NT$1300-6000(定價係指各種房型之最高備查價格區間，各房型實際售價請依旅宿業者公布為主。),1300,-
百悅旅社,"臺北市萬華區開封街2段42巷2號1-5樓,44-1號6-7樓",02-23881792,-,26間,NT$1380-2580(定價係指各種房型之最高備查價格區間，各房型實際售價請依旅宿業者公布為主。),1380,-
北門文旅,臺北市大同區長安西路145巷3號,02-25567797,http://www.baymanhotel.com/index.php,15間,NT$1400-8000(定價係指各種房型之最高備查價格區間，各房型實際售價請依旅宿業者公布為主。),1400,2
欣欣時尚旅店松山站,臺北市松山區八德路四段453巷12號8-9樓,02-27688832,http://www.shinshinhotels.com,32間,NT$1400-6200(定價係指各種房型之最高備查價格區間，各房型實際售價請依旅宿業者公布為主。),1400,-
台北西門窩青年旅館,臺北市萬華區漢中街42號8樓,02-23315100,-,6間,NT$1400-1400(定價係指各種房型之最高備查價格區間，各房型實際售價請依旅宿業者公布為主。),1400,-
南港安樂旅社,臺北市南港區南港路一段229號2-3樓,02-26511797,-,10間,NT$1400-1400(定價係指各種房型之最高備查價格區間，各房型實際售價請依旅宿業者公布為主。),1400,-
宏洲旅社,臺北市萬華區漢中街4號1-7樓,02-23319841,-,28間,NT$1400-1400(定價係指各種房型之最高備查價格區間，各房型實際售價請依旅宿業者公布為主。),1400,-
野趣光延旅館,臺北市中正區開封街一段2號2樓,02-23140202,http://www.tohoteltaipei.com/,44間,NT$1480-6800(定價係指各種房型之最高備查價格區間，各房型實際售價請依旅宿業者公布為主。),1480,-
梅樓商務驛站,臺北市大同區鄭州路29巷1-1號2-4樓,02-2555-2587,-,18間,NT$1490-5830(定價係指各種房型之最高備查價格區間，各房型實際售價請依旅宿業者公布為主。),1490,-
漫映旅舍,臺北市中山區吉林路32號1-5樓,02-25222111,https://www.cchotel.com.tw/,14間,NT$1500-20000(定價係指各種房型之最高備查價格區間，各房型實際售價請依旅宿業者公布為主。),1500,-
柯達大飯店台北天津,臺北市中山區中山北路1段53巷22號、22號4樓至8樓,02-25812222,http://www.khotels.com.tw/zh-TW/,57間,NT$1500-15000(定價係指各種房型之最高備查價格區間，各房型實際售價請依旅宿業者公布為主。),1500,-
帥客旅店,臺北市中正區羅斯福路一段90巷2號1-5樓,02-23223887,-,32間,NT$1500-5400(定價係指各種房型之最高備查價格區間，各房型實際售價請依旅宿業者公布為主。),1500,-
斯格加旅店,臺北市中山區林森北路72號1樓至4樓,02-25629117,https://4plus-hostel.com/zh/,7間,NT$1500-7000(定價係指各種房型之最高備查價格區間，各房型實際售價請依旅宿業者公布為主。),1500,-
新秀閣大飯店,臺北市北投區光明路238號1-5樓,02-28912166,-,17間,NT$1500-3000(定價係指各種房型之最高備查價格區間，各房型實際售價請依旅宿業者公布為主。),1500,-
台北這地方微旅店,臺北市中山區吉林路294號(1樓)及294之1號(2樓),02-25637522,-,3間,NT$1500-6000(定價係指各種房型之最高備查價格區間，各房型實際售價請依旅宿業者公布為主。),1500,-
俞美飯店,臺北市萬華區武昌街二段106號2-8樓,02-23883008,http://www.beautyhotels.com.tw/,42間,NT$1500-12000(定價係指各種房型之最高備查價格區間，各房型實際售價請依旅宿業者公布為主。),1500,-
碩美精品飯店,臺北市中山區中山北路2段71號3樓,02-25621598,-,25間,NT$1500-10000(定價係指各種房型之最高備查價格區間，各房型實際售價請依旅宿業者公布為主。),1500,-
美上美旅館,臺北市萬華區西園路一段168號11樓,02-23088105,-,9間,NT$1500-2000(定價係指各種房型之最高備查價格區間，各房型實際售價請依旅宿業者公布為主。),1500,-
幸福米窩,臺北市大安區忠孝東路四段107號7樓、7樓之2,02-27520006,https://taiwanstay.net.tw/,20間,NT$1500-12000(定價係指各種房型之最高備查價格區間，各房型實際售價請依旅宿業者公布為主。),1500,-
泊居旅店二館,臺北市中山區林森北路96號3樓、3樓之1,02-25417766,-,14間,NT$1500-3900(定價係指各種房型之最高備查價格區間，各房型實際售價請依旅宿業者公布為主。),1500,-
丹居青旅,臺北市萬華區漢中街154號,0977-066154,-,11間,NT$1500-4000(定價係指各種房型之最高備查價格區間，各房型實際售價請依旅宿業者公布為主。),1500,-
百利大飯店,臺北市中山區錦西街6號,02-25117111,https://www.google.com/search?q=%E7%99%BE%E5%88%A9%E9%A3%AF%E5%BA%97&rlz=1C1CHBF_zh-TWTW912TW912&oq=&aqs=chrome.0.35i39i362l8...8.39304840j0j15&sourceid=chrome&ie=UTF-8,70間,NT$1580-4000(定價係指各種房型之最高備查價格區間，各房型實際售價請依旅宿業者公布為主。),1580,-
瑞絲逸旅店,臺北市中山區林森北路96號2樓之1、之2,02-25641372,-,9間,NT$1580-1580(定價係指各種房型之最高備查價格區間，各房型實際售價請依旅宿業者公布為主。),1580,-
士林町旅店,臺北市士林區安平街26號1至4樓,02-28813133,https://inn-2028.business.site/?utm_source=gmb&utm_medium&fbclid=IwAR1QZsoZjMxdg3wOZJEsZvxlhrRWUfSfgsQBX3zDzo2Gmzt3AaJUB-745Jc,11間,NT$1600-1600(定價係指各種房型之最高備查價格區間，各房型實際售價請依旅宿業者公布為主。),1600,-
富順大飯店,臺北市大同區南京西路177號,02-25551016,-,88間,NT$1600-3900(定價係指各種房型之最高備查價格區間，各房型實際售價請依旅宿業者公布為主。),1600,-
福爾摩沙正旅館,臺北市中正區重慶南路一段1號3樓,02-23718230,-,23間,NT$1600-3600(定價係指各種房型之最高備查價格區間，各房型實際售價請依旅宿業者公布為主。),1600,-
帛堯初見輕旅,臺北市萬華區忠孝西路2段38號,02-23886813,-,4間,NT$1600-8000(定價係指各種房型之最高備查價格區間，各房型實際售價請依旅宿業者公布為主。),1600,-
昰美精品飯店,臺北市士林區天玉街38巷14號1-5樓,02-28730333,-,30間,NT$1600-26000(定價係指各種房型之最高備查價格區間，各房型實際售價請依旅宿業者公布為主。),1600,-
福爾摩莎壹零壹旅館,臺北市信義區基隆路二段115號5樓、5樓之1及9樓,02-23771579,http://www.hostelformosa.com/contact_cn.html,34間,NT$1650-4400(定價係指各種房型之最高備查價格區間，各房型實際售價請依旅宿業者公布為主。),1650,-
瑞沂國際飯店,臺北市中山區松江路95-1號5樓,02-25041188,-,10間,NT$1650-1650(定價係指各種房型之最高備查價格區間，各房型實際售價請依旅宿業者公布為主。),1650,-
福爾摩莎北驛旅館,臺北市中正區漢口街一段45號4樓,02-23816089,https://www.hostelformosa.com,23間,NT$1666-4581(定價係指各種房型之最高備查價格區間，各房型實際售價請依旅宿業者公布為主。),1666,-
帝華旅社,臺北市萬華區康定路206號11-12樓,02-23118411,-,32間,NT$1680-3080(定價係指各種房型之最高備查價格區間，各房型實際售價請依旅宿業者公布為主。),1680,-
上賓大飯店,臺北市中山區錦州街23巷4號,02-25113232,http://www.viphotel.com.tw,50間,NT$1680-18800(定價係指各種房型之最高備查價格區間，各房型實際售價請依旅宿業者公布為主。),1680,2
利成精品旅館,臺北市松山區南京東路五段322號,02-27661116,http://www.gshome.co,22間,NT$1680-3680(定價係指各種房型之最高備查價格區間，各房型實際售價請依旅宿業者公布為主。),1680,-
富粧商務旅店,"臺北市萬華區康定路6,8號2-5樓",02-23711247,-,28間,NT$1680-8880(定價係指各種房型之最高備查價格區間，各房型實際售價請依旅宿業者公布為主。),1680,-
銀座飯店,臺北市中山區林森北路289號4樓之1～3,02-25627733,-,15間,NT$1680-5680(定價係指各種房型之最高備查價格區間，各房型實際售價請依旅宿業者公布為主。),1680,-
泊居旅店,臺北市中山區林森北路282號3樓,02-25617711,-,20間,NT$1680-3180(定價係指各種房型之最高備查價格區間，各房型實際售價請依旅宿業者公布為主。),1680,-
美寓旅店,臺北市松山區八德路三段2號14樓,02-25775170,https://www.meistay.tw/tw/index.html,34間,NT$1700-4000(定價係指各種房型之最高備查價格區間，各房型實際售價請依旅宿業者公布為主。),1700,-
三隻老虎青年旅館,臺北市萬華區康定路25巷39號4樓,02-23755299,-,7間,NT$1700-5200(定價係指各種房型之最高備查價格區間，各房型實際售價請依旅宿業者公布為主。),1700,-
天津大飯店,臺北市中山區天津街57號2-8樓,02-25365678,-,55間,NT$1750-1950(定價係指各種房型之最高備查價格區間，各房型實際售價請依旅宿業者公布為主。),1750,-
豪爵旅館,臺北市中山區吉林路379巷20號1至7樓及20之1號2樓至7樓、德惠街170巷24號1樓,02-25942977,http://www.metro-hotel.tw/,53間,NT$1780-6200(定價係指各種房型之最高備查價格區間，各房型實際售價請依旅宿業者公布為主。),1780,-
泉都溫泉會館,臺北市北投區光明路220號,02-28960077,https://www.cdhotel.com.tw/,64間,NT$1800-7200(定價係指各種房型之最高備查價格區間，各房型實際售價請依旅宿業者公布為主。),1800,-
美觀園旅社,臺北市萬華區西寧南路90巷13號,02-23314123,-,15間,NT$1800-2800(定價係指各種房型之最高備查價格區間，各房型實際售價請依旅宿業者公布為主。),1800,-
嘉榮旅社,臺北市大同區太原路28巷11號2至4樓,02-25585887,-,15間,NT$1800-1800(定價係指各種房型之最高備查價格區間，各房型實際售價請依旅宿業者公布為主。),1800,-
壹零壹艾美琪旅店,臺北市大安區復興南路一段126巷1號4樓,02-27728101,http://www.101amicihotels.com/,36間,NT$1800-12000(定價係指各種房型之最高備查價格區間，各房型實際售價請依旅宿業者公布為主。),1800,-
千慧旅館,臺北市大同區南京西路22號7樓,02-25552451,-,20間,NT$1800-2600(定價係指各種房型之最高備查價格區間，各房型實際售價請依旅宿業者公布為主。),1800,-
皇家玫瑰旅館雙城館,臺北市中山區雙城街28巷8號,02-25958077,http://www.rosehotel.com.tw,17間,NT$1800-9000(定價係指各種房型之最高備查價格區間，各房型實際售價請依旅宿業者公布為主。),1800,-
城美行旅,"臺北市中正區漢口街一段88,90號1-7樓",02-23147305,-,59間,NT$1820-12000(定價係指各種房型之最高備查價格區間，各房型實際售價請依旅宿業者公布為主。),1820,-
富玉莊旅社,"臺北市士林區福港街149巷15弄8,10號2-3樓",02-28822308,https://richzonehotel.wixsite.com/rich,20間,NT$1900-2500(定價係指各種房型之最高備查價格區間，各房型實際售價請依旅宿業者公布為主。),1900,-
松河璞旅,臺北市松山區松河街112號1樓至8樓,02-25281567,http://www.waterfronthotel.com.tw,42間,NT$1900-4000(定價係指各種房型之最高備查價格區間，各房型實際售價請依旅宿業者公布為主。),1900,-
星美飯店,臺北市士林區前港街38-1,02-28828080,-,52間,NT$1900-20000(定價係指各種房型之最高備查價格區間，各房型實際售價請依旅宿業者公布為主。),1900,-
東龍大飯店,臺北市萬華區漢口街二段23號1-7樓,02-23116969,http://www.east-dragon.com.tw,70間,NT$1920-3200(定價係指各種房型之最高備查價格區間，各房型實際售價請依旅宿業者公布為主。),1920,-
麗雅精品旅館,臺北市中山區長春路62號8樓之1,02-25411133,-,12間,NT$1980-1980(定價係指各種房型之最高備查價格區間，各房型實際售價請依旅宿業者公布為主。),1980,-
溫拿旅館,臺北市北投區承德路7段380號1-5樓,02-28213191,-,28間,NT$1980-2500(定價係指各種房型之最高備查價格區間，各房型實際售價請依旅宿業者公布為主。),1980,-
鴨川旅館,臺北市中山區中山北路二段65巷2弄60號1-6樓,02-25603965,-,20間,NT$2000-2000(定價係指各種房型之最高備查價格區間，各房型實際售價請依旅宿業者公布為主。),2000,-
美代溫泉飯店,臺北市北投區光明路281號1-3樓,02-28912174,https://www.beautyagespringhotel.com.tw/,20間,NT$2000-5600(定價係指各種房型之最高備查價格區間，各房型實際售價請依旅宿業者公布為主。),2000,-
正二旅館,臺北市中正區漢口街一段2號3-9樓,02-23718230,-,55間,NT$2000-20000(定價係指各種房型之最高備查價格區間，各房型實際售價請依旅宿業者公布為主。),2000,-
柯達大飯店台北松江,臺北市中山區松江路251號,02-25159999,http://songjiang.khotels.com.tw/zh-TW/,85間,NT$2000-22000(定價係指各種房型之最高備查價格區間，各房型實際售價請依旅宿業者公布為主。),2000,-
東楓商旅,臺北市大安區忠孝東路四段209號7樓、7樓之1、7樓之2、211號7樓,02-27211511,-,22間,NT$2000-20000(定價係指各種房型之最高備查價格區間，各房型實際售價請依旅宿業者公布為主。),2000,-
夜光商旅,臺北市萬華區內江街55巷11號1至4樓、13號2至4樓,02-23815059,-,16間,NT$2000-4200(定價係指各種房型之最高備查價格區間，各房型實際售價請依旅宿業者公布為主。),2000,-
大來商旅,臺北市松山區長春路432號1-7樓,02-27160011,http://www.delighthotel.com.tw,62間,NT$2000-9900(定價係指各種房型之最高備查價格區間，各房型實際售價請依旅宿業者公布為主。),2000,-
華達大飯店,臺北市中正區重慶南路一段1號6樓,02-23110212,-,14間,NT$2000-4200(定價係指各種房型之最高備查價格區間，各房型實際售價請依旅宿業者公布為主。),2000,-
途中‧台北國際青年旅舍,臺北市北投區光明路82號1至5樓,02-28910230,http://www.onmywayhostel.com,10間,NT$2000-5600(定價係指各種房型之最高備查價格區間，各房型實際售價請依旅宿業者公布為主。),2000,-
福君海悅大飯店,臺北市大同區重慶北路一段62號1、4至10樓,02-25551122,http://www.FORTUNEHOTEL.COM,168間,NT$2000-18000(定價係指各種房型之最高備查價格區間，各房型實際售價請依旅宿業者公布為主。),2000,-
仙渡莊旅社,臺北市北投區大度路三段304號,02-28913537,-,14間,NT$2000-3000(定價係指各種房型之最高備查價格區間，各房型實際售價請依旅宿業者公布為主。),2000,-
唐門客棧,臺北市中正區信義路二段33號2樓,02-23963322,-,28間,NT$2000-3000(定價係指各種房型之最高備查價格區間，各房型實際售價請依旅宿業者公布為主。),2000,-
晶樺商務旅店,臺北市萬華區西園路一段168號10樓,02-23048788,-,10間,NT$2000-2000(定價係指各種房型之最高備查價格區間，各房型實際售價請依旅宿業者公布為主。),2000,-
乃晶旅社,臺北市萬華區西園路一段168號12樓,02-23043795,-,10間,NT$2000-2000(定價係指各種房型之最高備查價格區間，各房型實際售價請依旅宿業者公布為主。),2000,-
台灣柒天精品旅店,臺北市萬華區環河南路二段282號1至4樓,02-23085222,https://www.facebook.com/7dayshoteltw/,36間,NT$2000-3000(定價係指各種房型之最高備查價格區間，各房型實際售價請依旅宿業者公布為主。),2000,-
路徒PLUS行旅-主題館,臺北市中正區忠孝西路一段80號5至12樓,02-23311788,https://roadersplushotel.com/,109間,NT$2000-43880(定價係指各種房型之最高備查價格區間，各房型實際售價請依旅宿業者公布為主。),2000,-
希爾商旅台北館,臺北市中山區南京東路二段11號4至5樓,02-25678858,https://hotelshere.com.tw/,32間,NT$2000-8000(定價係指各種房型之最高備查價格區間，各房型實際售價請依旅宿業者公布為主。),2000,-
情覓汽車旅館,臺北市中山區植福路189號2樓,02-85020689,-,16間,NT$2100-3980(定價係指各種房型之最高備查價格區間，各房型實際售價請依旅宿業者公布為主。),2100,-
西門大飯店,臺北市萬華區中華路一段78號2-6樓,02-23819922,http://ximen.ximenhotel.com.tw/,78間,NT$2180-12880(定價係指各種房型之最高備查價格區間，各房型實際售價請依旅宿業者公布為主。),2180,-
馥麗精品旅館,臺北市內湖區內湖路1段325號1-5樓,02-26586167,http://www.elegancehotel.com.tw,28間,NT$2180-5700(定價係指各種房型之最高備查價格區間，各房型實際售價請依旅宿業者公布為主。),2180,-
台北青年國際旅館,臺北市中正區許昌街19號1樓及4-10樓,02-23113201,http://www.ymcahotel.tw,99間,NT$2200-7200(定價係指各種房型之最高備查價格區間，各房型實際售價請依旅宿業者公布為主。),2200,-
慶爾喜旅館長沙一館,臺北市萬華區長沙街二段11號2樓,02-77309920,-,15間,NT$2200-3000(定價係指各種房型之最高備查價格區間，各房型實際售價請依旅宿業者公布為主。),2200,-
約克旅店,臺北市中正區南陽街13號4樓,02-23705528,-,17間,NT$2280-5690(定價係指各種房型之最高備查價格區間，各房型實際售價請依旅宿業者公布為主。),2280,-
東鑫商務旅館,"臺北市大安區忠孝東路四段209號11樓,11樓-1,-2,211號11樓,11樓-1",02-87736638,-,25間,NT$2280-3650(定價係指各種房型之最高備查價格區間，各房型實際售價請依旅宿業者公布為主。),2280,-
友徠精品旅館,臺北市南港區重陽路57巷15號,02-26510101,http://www.ulinemotel.com.tw,26間,NT$2280-8200(定價係指各種房型之最高備查價格區間，各房型實際售價請依旅宿業者公布為主。),2280,-
旅居文旅-松山驛站,臺北市松山區八德路四段626號3樓,02-27635889,-,18間,NT$2280-8000(定價係指各種房型之最高備查價格區間，各房型實際售價請依旅宿業者公布為主。),2280,-
新仕商務旅店　　,臺北市中山區民生西路8號及附2-12樓,02-25627466,http://www.shin-shih.com.tw/,44間,NT$2280-2580(定價係指各種房型之最高備查價格區間，各房型實際售價請依旅宿業者公布為主。),2280,-
貴族商務旅館,"臺北市士林區忠誠路二段21巷10,12號1至6樓",02-28323388,http://www.noble-hotel.com.tw,49間,NT$2280-5560(定價係指各種房型之最高備查價格區間，各房型實際售價請依旅宿業者公布為主。),2280,-
卡樂町旅店,臺北市萬華區內江街55巷22號,02-23826000,http://www.colormixhotel.com/,20間,NT$2288-2288(定價係指各種房型之最高備查價格區間，各房型實際售價請依旅宿業者公布為主。),2288,-
西門邑居自由旅行會館,臺北市萬華區西寧南路67號10樓,02-23616167,-,8間,NT$2300-3800(定價係指各種房型之最高備查價格區間，各房型實際售價請依旅宿業者公布為主。),2300,-
綺樂文旅開封館,臺北市中正區開封街一段35號1至8樓,02-23615889,https://hedohotel.com/,63間,NT$2300-12000(定價係指各種房型之最高備查價格區間，各房型實際售價請依旅宿業者公布為主。),2300,-
國際大旅館,臺北市北投區湖山路一段7號,02-28617100,-,44間,NT$2310-3190(定價係指各種房型之最高備查價格區間，各房型實際售價請依旅宿業者公布為主。),2310,-
姆提文創旅店,臺北市大安區信義路三段147巷5弄4號1樓,02-23897563,https://cafe.nihao.com.tw/,11間,NT$2380-16000(定價係指各種房型之最高備查價格區間，各房型實際售價請依旅宿業者公布為主。),2380,-
台北星辰旅館,臺北市中正區金山南路一段80號1至7樓,02-23971377,http://www.taipei-citizen-hotel.com.tw/,52間,NT$2380-11700(定價係指各種房型之最高備查價格區間，各房型實際售價請依旅宿業者公布為主。),2380,-
長虹大飯店,"臺北市萬華區漢中街36號1,3-8樓",02-23119193,-,68間,NT$2380-7200(定價係指各種房型之最高備查價格區間，各房型實際售價請依旅宿業者公布為主。),2380,-
瑪奇商務旅店,臺北市文山區景中街30巷6號3-4樓,02-29321000,-,26間,NT$2380-3280(定價係指各種房型之最高備查價格區間，各房型實際售價請依旅宿業者公布為主。),2380,-
台北世聯商旅,臺北市中山區松江路90巷5號1至7樓,02-25626161,https://tp.linkworldhotel.com.tw,44間,NT$2400-5300(定價係指各種房型之最高備查價格區間，各房型實際售價請依旅宿業者公布為主。),2400,-
沃田旅店,臺北市士林區中山北路七段127號1至13樓,02-28752288,http://mellowfields.com.tw/,172間,NT$2400-7500(定價係指各種房型之最高備查價格區間，各房型實際售價請依旅宿業者公布為主。),2400,-
浩室物業1館,臺北市萬華區昆明街316號、318號,02-77553617,https://reurl.cc/yr0nxy,11間,NT$2400-9600(定價係指各種房型之最高備查價格區間，各房型實際售價請依旅宿業者公布為主。),2400,-
上華旅館,臺北市中山區雙城街5號2-6樓,02-25911190,http://www.goodlife-hotel.com.tw,40間,NT$2400-2800(定價係指各種房型之最高備查價格區間，各房型實際售價請依旅宿業者公布為主。),2400,-
丰居旅店忠孝館,臺北市大安區復興南路1段126巷1號3樓(含3樓、3樓夾層、4樓),02-77116368,-,21間,NT$2420-20000(定價係指各種房型之最高備查價格區間，各房型實際售價請依旅宿業者公布為主。),2420,-
蒲園飯店,臺北市松山區八德路四段176號地下2樓、地下1樓、1樓、3樓至5樓、7樓,02-27530772,http://www.garden-hotel.com.tw,32間,NT$2480-18000(定價係指各種房型之最高備查價格區間，各房型實際售價請依旅宿業者公布為主。),2480,-
晴悅旅店,臺北市中山區新生北路三段10號2-3樓,02-25992211,https://www.facebook.com/CYHotelTaipei/,19間,NT$2480-3380(定價係指各種房型之最高備查價格區間，各房型實際售價請依旅宿業者公布為主。),2480,-
旅樂序精品旅館二館,臺北市中正區漢口街一段15號1至8樓,02-23757555,-,58間,NT$2488-9800(定價係指各種房型之最高備查價格區間，各房型實際售價請依旅宿業者公布為主。),2488,-
一等好旅店,"臺北市松山區八德路四段624巷2號B1-1樓,4號2-6樓",02-27609255,-,32間,NT$2500-2900(定價係指各種房型之最高備查價格區間，各房型實際售價請依旅宿業者公布為主。),2500,-
和旅瓏旅館西門館,臺北市萬華區西寧南路105號2至5樓、2樓之1至5樓之1,02-23616569,https://www.hatagoplus.com/index.html,42間,NT$2500-5800(定價係指各種房型之最高備查價格區間，各房型實際售價請依旅宿業者公布為主。),2500,-
安庭澔思青年旅舍,臺北市大同區承德路一段66號12樓,02-25526176,-,4間,NT$2500-8000(定價係指各種房型之最高備查價格區間，各房型實際售價請依旅宿業者公布為主。),2500,-
百樂匯大飯店,臺北市北投區溫泉路99號1-4樓,02-28928288,http://www.waterhouse.com.tw,33間,NT$2500-32800(定價係指各種房型之最高備查價格區間，各房型實際售價請依旅宿業者公布為主。),2500,-
背包棧旅店-台北長春店,臺北市中山區長春路258巷6號2樓,02-25180188,http://www.bph.com.tw/,43間,NT$2500-24000(定價係指各種房型之最高備查價格區間，各房型實際售價請依旅宿業者公布為主。),2500,-
凱統大飯店,臺北市大安區忠孝東路三段8號3-9樓,02-27211162,http://kdmhotel.com.tw,56間,NT$2580-3280(定價係指各種房型之最高備查價格區間，各房型實際售價請依旅宿業者公布為主。),2580,-
迪樂商旅,臺北市大同區延平北路一段121號1至6樓,02-25551130,-,28間,NT$2580-4080(定價係指各種房型之最高備查價格區間，各房型實際售價請依旅宿業者公布為主。),2580,-
陸號行旅萬年館,臺北市萬華區西寧南路70號6樓,02-23619069,-,39間,NT$2580-3580(定價係指各種房型之最高備查價格區間，各房型實際售價請依旅宿業者公布為主。),2580,-
龍山旅社,臺北市萬華區西園路一段125巷13-1號1-3樓,02-23064990,http://www.longshaninn.com/zh-tw,14間,NT$2600-2600(定價係指各種房型之最高備查價格區間，各房型實際售價請依旅宿業者公布為主。),2600,-
皇家玫瑰旅館新生館,臺北市大安區新生南路一段103巷37號(1至5樓),02-27522077,http://www.rosehotel.com.tw/tw/,21間,NT$2600-10000(定價係指各種房型之最高備查價格區間，各房型實際售價請依旅宿業者公布為主。),2600,-
文舺行旅,臺北市萬華區西園路一段139號1-4樓,02-23064990,-,9間,NT$2600-4800(定價係指各種房型之最高備查價格區間，各房型實際售價請依旅宿業者公布為主。),2600,-
時尚居商旅,臺北市中山區民生東路3段9巷1之1號、1之2號、1之3號2樓至4樓,02-25090102,-,8間,NT$2600-2600(定價係指各種房型之最高備查價格區間，各房型實際售價請依旅宿業者公布為主。),2600,-
野趣旅舍T.O.HOTEL,臺北市大同區承德路二段28號1至5樓,02-25521300,https://www.facebook.com/tohotelbooking/,16間,NT$2680-9800(定價係指各種房型之最高備查價格區間，各房型實際售價請依旅宿業者公布為主。),2680,-
麗都大飯店,臺北市大安區信義路三段11號1-11樓,02-27065600,http://www.rido.com.tw,73間,NT$2700-9000(定價係指各種房型之最高備查價格區間，各房型實際售價請依旅宿業者公布為主。),2700,-
承攜行旅台北台大館,臺北市中正區羅斯福路三段98號1-8樓,02-23657367,-,35間,NT$2730-3680(定價係指各種房型之最高備查價格區間，各房型實際售價請依旅宿業者公布為主。),2730,-
東驛商務旅館,臺北市萬華區昆明街76號8-9樓,02-23831999,http://www.e-house.tw,34間,NT$2780-2980(定價係指各種房型之最高備查價格區間，各房型實際售價請依旅宿業者公布為主。),2780,-
靜好文旅by墾趣,臺北市中山區南京東路2段11號11樓,02-25718875,https://www.chillroof.com.tw,10間,NT$2780-12700(定價係指各種房型之最高備查價格區間，各房型實際售價請依旅宿業者公布為主。),2780,-
璞邸旅店,臺北市中正區重慶南路1段7號1至4樓,02-23815566,http://bouti.com.tw/,13間,NT$2790-6300(定價係指各種房型之最高備查價格區間，各房型實際售價請依旅宿業者公布為主。),2790,-
漫慢米窩旅店,"臺北市中山區中山北路二段183巷30,32號3樓",02-25861880,-,13間,NT$2800-4800(定價係指各種房型之最高備查價格區間，各房型實際售價請依旅宿業者公布為主。),2800,-
西悠巢旅台北館,臺北市大同區民生西路198號之2(代表號),02-25585500,http://cu-taipei-uniongo.toongmao.com.tw/index.php,87間,NT$2850-4400(定價係指各種房型之最高備查價格區間，各房型實際售價請依旅宿業者公布為主。),2850,2
華大HOTEL,臺北市信義區永吉路30巷150號1-7樓,02-27635313,-,24間,NT$2880-3780(定價係指各種房型之最高備查價格區間，各房型實際售價請依旅宿業者公布為主。),2880,-
陽明山美國渡假村,臺北市士林區臺北市士林區凱旋路69號、71號及61巷2弄6號、8號、10號,02-28623232,-,20間,NT$2880-7980(定價係指各種房型之最高備查價格區間，各房型實際售價請依旅宿業者公布為主。),2880,-
雅莊旅館,"臺北市中山區民族東路438號B1至4樓,440號B1至5樓",02-25075999,http://www.attichotel.com.tw/,37間,NT$2880-3080(定價係指各種房型之最高備查價格區間，各房型實際售價請依旅宿業者公布為主。),2880,-
城市商旅南東館,臺北市松山區南京東路五段411號地下三樓至7樓,02-27425888,http://www.citysuites.com.tw,127間,NT$3000-20000(定價係指各種房型之最高備查價格區間，各房型實際售價請依旅宿業者公布為主。),3000,-
建山大旅社,臺北市大同區歸綏街182號2-4樓,02-25520680,http://www.jianshan1977.com/,13間,NT$3000-6000(定價係指各種房型之最高備查價格區間，各房型實際售價請依旅宿業者公布為主。),3000,-
洛碁大飯店花華分館,臺北市中正區漢口街一段36號1-8樓及地下室,02-23123811,http://flora.greenworldhotels.com/,56間,NT$3000-8500(定價係指各種房型之最高備查價格區間，各房型實際售價請依旅宿業者公布為主。),3000,-
友華賓館,"臺北市松山區八德路四段656,656-1號6樓",02-27630505,https://besthoteltw5.wixsite.com/besthotel,30間,NT$3000-4400(定價係指各種房型之最高備查價格區間，各房型實際售價請依旅宿業者公布為主。),3000,-
力歐時尚旅館,臺北市中正區延平南路9號1-9樓,02-23145296,http://www.liohotel.com.tw/,37間,NT$3000-5000(定價係指各種房型之最高備查價格區間，各房型實際售價請依旅宿業者公布為主。),3000,-
台北臥客旅店,臺北市大同區甘谷街26號7樓,02-25557177,-,13間,NT$3000-3000(定價係指各種房型之最高備查價格區間，各房型實際售價請依旅宿業者公布為主。),3000,-
銀河旅館,臺北市萬華區漢中街147巷6號1至4樓,02-23116606,http://www.galaxyinn.com.tw,21間,NT$3000-3000(定價係指各種房型之最高備查價格區間，各房型實際售價請依旅宿業者公布為主。),3000,-
南陽街壹號旅店,臺北市中正區南陽街1號3樓至4樓,02-23888377,http://www.nysloft.com/,79間,NT$3000-4800(定價係指各種房型之最高備查價格區間，各房型實際售價請依旅宿業者公布為主。),3000,-
伊倫商務旅館,臺北市中山區松江路123巷10號1-4樓,02-25076666,http://www.city-hotel.com.tw,31間,NT$3000-4000(定價係指各種房型之最高備查價格區間，各房型實際售價請依旅宿業者公布為主。),3000,-
果芒驛站旅店,臺北市中正區忠孝西路一段50號23樓之18,02-23706808,https://mango-hotel.com,2間,NT$3000-6000(定價係指各種房型之最高備查價格區間，各房型實際售價請依旅宿業者公布為主。),3000,-
日好青旅,臺北市大同區甘谷街26號6樓,02-25558667,-,11間,NT$3000-6000(定價係指各種房型之最高備查價格區間，各房型實際售價請依旅宿業者公布為主。),3000,-
台灣燦路都飯店,臺北市中山區民權東路一段9號2-10樓,02-25973610,http://www.sunroute-taipei.com,125間,NT$3050-4550(定價係指各種房型之最高備查價格區間，各房型實際售價請依旅宿業者公布為主。),3050,-
鉑泊客,臺北市中正區漢口街1段50號1-5樓,02-23755555,-,58間,NT$3080-3680(定價係指各種房型之最高備查價格區間，各房型實際售價請依旅宿業者公布為主。),3080,-
雀客快捷台北車站,臺北市大同區太原路64號1至8樓,02-25590577,-,58間,NT$3200-6800(定價係指各種房型之最高備查價格區間，各房型實際售價請依旅宿業者公布為主。),3200,-
新月商旅,臺北市中山區新生北路一段122號1-7樓,02-25213301,-,42間,NT$3200-3700(定價係指各種房型之最高備查價格區間，各房型實際售價請依旅宿業者公布為主。),3200,-
洛碁三貝茲,臺北市松山區八德路四段16號1-7樓,02-27630555,http://triplebeds.greenworldhotels.com,54間,NT$3200-13800(定價係指各種房型之最高備查價格區間，各房型實際售價請依旅宿業者公布為主。),3200,-
捷絲旅西門町店,臺北市中正區中華路一段41號5-9樓,02-23709000,http://www.justsleep.com.tw/,143間,NT$3200-10120(定價係指各種房型之最高備查價格區間，各房型實際售價請依旅宿業者公布為主。),3200,-
新驛旅店台北車站三館,"臺北市大同區長安西路77,79號1-7樓",02-77327777,http://www.cityinn.com.tw,66間,NT$3200-5600(定價係指各種房型之最高備查價格區間，各房型實際售價請依旅宿業者公布為主。),3200,-
信星旅館,臺北市大同區華陰街48號至48之11號4樓、50號至50之11號5樓,02-25562015,http://www.starhostel.com.tw,57間,NT$3200-4200(定價係指各種房型之最高備查價格區間，各房型實際售價請依旅宿業者公布為主。),3200,-
新驛旅店台北車站二館,臺北市大同區長安西路83號,02-2555-5577,http://www.cityinn.com.tw,50間,NT$3200-5600(定價係指各種房型之最高備查價格區間，各房型實際售價請依旅宿業者公布為主。),3200,-
北城大飯店,臺北市中山區長春路279號B1-12樓,02-25017601,http://www.cityhotel.com.tw,55間,NT$3200-3600(定價係指各種房型之最高備查價格區間，各房型實際售價請依旅宿業者公布為主。),3200,-
香城大飯店豪悅分店,"臺北市中山區松江路93巷9號1-8樓,9號2-5樓-1~7,6樓-1~3,7樓-1,8樓-1,97巷18號",02-25177272,-,32間,NT$3200-4000(定價係指各種房型之最高備查價格區間，各房型實際售價請依旅宿業者公布為主。),3200,-
豪城商旅民生館,臺北市松山區民生東路三段113巷7弄11號1樓至6樓,02-27137078,http://www.city-hotel.com.tw/,38間,NT$3200-4000(定價係指各種房型之最高備查價格區間，各房型實際售價請依旅宿業者公布為主。),3200,-
璞漣商務旅館西門店,臺北市萬華區成都路27巷6號,02-23718616,http://www.hotel-puri.com.tw,57間,NT$3300-4500(定價係指各種房型之最高備查價格區間，各房型實際售價請依旅宿業者公布為主。),3300,-
水都溫泉會館,臺北市北投區光明路283號,02-28979060,http://www.spaspringresort.com.tw/,33間,NT$3300-6000(定價係指各種房型之最高備查價格區間，各房型實際售價請依旅宿業者公布為主。),3300,-
皇家季節酒店1館,臺北市大同區南京西路326號1樓、2樓、3樓、4樓、5樓，及8樓、9樓,"02-25554288,25556488",http://www.taiwanseasonshotel.com,48間,NT$3300-4300(定價係指各種房型之最高備查價格區間，各房型實際售價請依旅宿業者公布為主。),3300,-
多郎明哥旅館,臺北市大安區信義路三段73號,02-27001200,http://www.dolamanco.com.tw,30間,NT$3380-4180(定價係指各種房型之最高備查價格區間，各房型實際售價請依旅宿業者公布為主。),3380,-
和怡商務旅館,臺北市南港區重陽路122號,02-27890505,http://www.kofhotel.com,43間,NT$3380-6140(定價係指各種房型之最高備查價格區間，各房型實際售價請依旅宿業者公布為主。),3380,-
謙匯普樂室行旅,臺北市信義區信義路5段109號地下1樓,02-87864188,-,40間,NT$3380-5580(定價係指各種房型之最高備查價格區間，各房型實際售價請依旅宿業者公布為主。),3380,-
探索汽車旅館延平館,臺北市士林區延平北路五段23號2至5樓及23之1號2至5樓,02-88112588,http://discoverygroup.com.tw,40間,NT$3380-12880(定價係指各種房型之最高備查價格區間，各房型實際售價請依旅宿業者公布為主。),3380,-
西門星辰精典大飯店,臺北市萬華區峨眉街72號1至8樓,02-23831123,-,25間,NT$3380-5380(定價係指各種房型之最高備查價格區間，各房型實際售價請依旅宿業者公布為主。),3380,-
璽愛旅店,"臺北市中正區忠孝西路一段72號3樓,3樓之1",02-23880808,http://www.slovehotel.com.tw/,39間,NT$3400-4300(定價係指各種房型之最高備查價格區間，各房型實際售價請依旅宿業者公布為主。),3400,-
香城大飯店,臺北市大安區信義路四段295號1至11樓,02-27049546,http://www.city-hotel.com.tw/,60間,NT$3400-3800(定價係指各種房型之最高備查價格區間，各房型實際售價請依旅宿業者公布為主。),3400,-
享住旅店JustLiveInn,"臺北市中正區漢口街一段4,6號2-4樓",02-23713151,http://www.miyihotel.com.tw,18間,NT$3450-4650(定價係指各種房型之最高備查價格區間，各房型實際售價請依旅宿業者公布為主。),3450,-
109HostelTaipei台北109青旅,臺北市中正區博愛路36號3樓,0905-972109,https://109hostel.com/,6間,NT$3500-12000(定價係指各種房型之最高備查價格區間，各房型實際售價請依旅宿業者公布為主。),3500,-
智慧環境會館-菁山遊憩區,臺北市士林區菁山路101巷71弄16號,02-28625116,http://www.star-fountain.com,17間,NT$3500-10000(定價係指各種房型之最高備查價格區間，各房型實際售價請依旅宿業者公布為主。),3500,-
同一大飯店,臺北市中山區農安街36號3-10樓　,02-25923977,-,95間,NT$3500-6000(定價係指各種房型之最高備查價格區間，各房型實際售價請依旅宿業者公布為主。),3500,3
和昌商務旅館台北西門館,臺北市萬華區桂林路24號1-5樓,02-23088828,-,16間,NT$3500-4800(定價係指各種房型之最高備查價格區間，各房型實際售價請依旅宿業者公布為主。),3500,-
立建賓館,"臺北市松山區八德路四段656,656-1號7-8樓",02-27691135,https://www.facebook.com/leechanhotel,66間,NT$3500-5500(定價係指各種房型之最高備查價格區間，各房型實際售價請依旅宿業者公布為主。),3500,-
皇家季節酒店2館,臺北市大同區南京西路330號1至11樓,"02-25556488,25586488",http://www.taiwanseasonshotel.com,46間,NT$3500-9000(定價係指各種房型之最高備查價格區間，各房型實際售價請依旅宿業者公布為主。),3500,-
幸福大旅社,臺北市萬華區內江街55巷26號1-4樓,02-23716808,-,22間,NT$3500-4500(定價係指各種房型之最高備查價格區間，各房型實際售價請依旅宿業者公布為主。),3500,-
香都大飯店(香城長安),臺北市中山區長安東路一段52號1-7樓,02-25312121,http://www.city-hotel.com.tw,35間,NT$3520-4400(定價係指各種房型之最高備查價格區間，各房型實際售價請依旅宿業者公布為主。),3520,-
洛碁大飯店林森館,臺北市中山區林森北路617號1至10樓,02-25955225,http://www.greenworldhotels.com/,80間,NT$3600-6600(定價係指各種房型之最高備查價格區間，各房型實際售價請依旅宿業者公布為主。),3600,-
互舍商旅台北館,臺北市大同區重慶北路二段172號1至14樓、5樓之1至14樓之1及174號、保安街13、11號4樓,02-25533919,http://www.hu-house.com,148間,NT$3600-36000(定價係指各種房型之最高備查價格區間，各房型實際售價請依旅宿業者公布為主。),3600,-
橙舍背包客國際青年旅館,臺北市萬華區漢口街二段41號1-3樓,02-23119559,-,5間,NT$3600-9000(定價係指各種房型之最高備查價格區間，各房型實際售價請依旅宿業者公布為主。),3600,-
安和旅館,臺北市大安區安和路一段139號B1-7樓,02-27005088,http://ah.evergreenhotel.com.tw,45間,NT$3600-5200(定價係指各種房型之最高備查價格區間，各房型實際售價請依旅宿業者公布為主。),3600,-
橙舍青年旅館（臺北二館）,"臺北市萬華區漢口街二段56號2-3樓,58號3樓",02-23119559,-,22間,NT$3600-16000(定價係指各種房型之最高備查價格區間，各房型實際售價請依旅宿業者公布為主。),3600,-
香城大飯店松山分店,臺北市松山區市民大道六段67號1-9樓,02-27693969,http://www.city-hotel.com.tw,56間,NT$3600-4000(定價係指各種房型之最高備查價格區間，各房型實際售價請依旅宿業者公布為主。),3600,-
東京國際飯店,臺北市中山區長春路39號2-6樓,02-25643733,http://www.tokyohotel.com.tw/,43間,NT$3600-9000(定價係指各種房型之最高備查價格區間，各房型實際售價請依旅宿業者公布為主。),3600,-
國王大飯店,臺北市中山區南京東路1段118號,02-25811111,http://www.emperorhotel.com.tw/,97間,NT$3600-12000(定價係指各種房型之最高備查價格區間，各房型實際售價請依旅宿業者公布為主。),3600,-
長春精品旅館,臺北市松山區慶城街29號,02-27188268,https://www.taiwantravelmap.com/hotel/750-ch-index.html,86間,NT$3600-5200(定價係指各種房型之最高備查價格區間，各房型實際售價請依旅宿業者公布為主。),3600,-
清翼居旅店童話館,臺北市中正區開封街1段36號3-7樓,02-23117168,http://tp.morwinghotel.com/,39間,NT$3700-4900(定價係指各種房型之最高備查價格區間，各房型實際售價請依旅宿業者公布為主。),3700,-
富裕自由旅店-北車開封館,臺北市中正區開封街1段41號2-9樓,02-23881788,https://www.hotelrf.com/our-hotels.html,42間,NT$3800-25000(定價係指各種房型之最高備查價格區間，各房型實際售價請依旅宿業者公布為主。),3800,-
薇閣精品旅館,"臺北市中山區錦州街27、29號,31號2-4樓",02-25318000,-,87間,NT$3800-9000(定價係指各種房型之最高備查價格區間，各房型實際售價請依旅宿業者公布為主。),3800,-
新驛旅店,臺北市中正區懷寧街7號,02-23148008,-,51間,NT$3800-5800(定價係指各種房型之最高備查價格區間，各房型實際售價請依旅宿業者公布為主。),3800,-
太豪大飯店,臺北市松山區興安街137號1-6樓,02-27195152,http://www.city-hotel.com.tw,38間,NT$3800-4800(定價係指各種房型之最高備查價格區間，各房型實際售價請依旅宿業者公布為主。),3800,-
悅心旅,臺北市大同區重慶北路1段61號1樓至3樓,02-25591525,-,14間,NT$3800-6800(定價係指各種房型之最高備查價格區間，各房型實際售價請依旅宿業者公布為主。),3800,-
儷萊旅館,"臺北市中正區中華路一段21號4-5樓,8-11樓",02-23111440,-,78間,NT$3960-12000(定價係指各種房型之最高備查價格區間，各房型實際售價請依旅宿業者公布為主。),3960,2
探索汽車旅館南港館,臺北市南港區重陽路66號1至4樓,02-26537727,-,61間,NT$3980-19980(定價係指各種房型之最高備查價格區間，各房型實際售價請依旅宿業者公布為主。),3980,-
凱微精品旅館,臺北市中山區林森北路381號9-10樓,02-25426879,http://kaiwei.mmmtravel.com.tw,28間,NT$3980-5000(定價係指各種房型之最高備查價格區間，各房型實際售價請依旅宿業者公布為主。),3980,-
旅樂序精品旅館三館,臺北市中正區懷寧街34號1至8樓,02-23758333,http://www.hotelrelaxclub.com/,41間,NT$3988-5188(定價係指各種房型之最高備查價格區間，各房型實際售價請依旅宿業者公布為主。),3988,-
高雅賓館,臺北市大安區和平東路三段139號及139號2-7樓、141號及141號2-5樓,02-27388947,http://www.elegance-taipei.com,30間,NT$3990-4500(定價係指各種房型之最高備查價格區間，各房型實際售價請依旅宿業者公布為主。),3990,-
新驛旅店西門捷運店,"臺北市中正區衡陽路124號1-7樓,寶慶路63號",02-77252288,-,66間,NT$4000-7000(定價係指各種房型之最高備查價格區間，各房型實際售價請依旅宿業者公布為主。),4000,-
叙美精旅,臺北市中正區重慶南路1段111號,02-23832088,http://www.beautyhotels.com.tw,38間,NT$4000-8000(定價係指各種房型之最高備查價格區間，各房型實際售價請依旅宿業者公布為主。),4000,-
背包棧旅店西門店,臺北市萬華區康定路25巷13號,02-89783666,-,19間,NT$4000-12000(定價係指各種房型之最高備查價格區間，各房型實際售價請依旅宿業者公布為主。),4000,-
豪景大酒店,臺北市萬華區環河南路1段77號,02-23113131,http://www.riverview.com.tw,217間,NT$4000-10000(定價係指各種房型之最高備查價格區間，各房型實際售價請依旅宿業者公布為主。),4000,-
家賓大旅社,臺北市文山區景文街42號6-7樓,02-29325915,-,32間,NT$4000-6000(定價係指各種房型之最高備查價格區間，各房型實際售價請依旅宿業者公布為主。),4000,-
北門臥客青年旅舍,臺北市大同區甘谷街26號2樓之1,02-25557177,http://www.wecomehostel.com,5間,NT$4000-8000(定價係指各種房型之最高備查價格區間，各房型實際售價請依旅宿業者公布為主。),4000,-
第一大飯店,臺北市中山區南京東路2段63號,02-25418234,http://www.firsthoteltaipei.com,176間,NT$4000-10000(定價係指各種房型之最高備查價格區間，各房型實際售價請依旅宿業者公布為主。),4000,-
幸福蘋果旅店,臺北市萬華區峨眉街109、109-2號(1樓部分、2至7樓),02-2311-7877,-,49間,NT$4000-8000(定價係指各種房型之最高備查價格區間，各房型實際售價請依旅宿業者公布為主。),4000,-
儷客旅店-站前店,臺北市中正區忠孝西路一段72號5樓及5樓之1,02-23118081,https://www.muzikhotel.com.tw/,30間,NT$4000-5400(定價係指各種房型之最高備查價格區間，各房型實際售價請依旅宿業者公布為主。),4000,-
台灣青旅,臺北市中正區青島西路11號地下1樓,02-23613000,http://www.TaiwanYH.com,12間,NT$4000-5000(定價係指各種房型之最高備查價格區間，各房型實際售價請依旅宿業者公布為主。),4000,-
水滴米窩,臺北市中正區忠孝西路1段50號7樓、7樓之1、之2、之3、8樓,02-23810028,-,200間,NT$4000-6600(定價係指各種房型之最高備查價格區間，各房型實際售價請依旅宿業者公布為主。),4000,-
葛瑞絲商旅敦北館,臺北市松山區敦化北路216號1樓至5樓,02-27886682,https://www.gracehotel.com.tw,34間,NT$4180-14080(定價係指各種房型之最高備查價格區間，各房型實際售價請依旅宿業者公布為主。),4180,-
丹迪旅店-大安森林公園店,臺北市大安區信義路三段33號3-10樓,02-27076899,http://www.dandyhotel.com.tw,73間,NT$4200-8800(定價係指各種房型之最高備查價格區間，各房型實際售價請依旅宿業者公布為主。),4200,-
皇家大飯店,臺北市中正區懷寧街5-1號1-6樓,02-23111668,https://www.taipeiroyalhotel.com/,40間,NT$4280-6680(定價係指各種房型之最高備查價格區間，各房型實際售價請依旅宿業者公布為主。),4280,-
藝築文旅開封館,臺北市萬華區開封街二段63號,02-23312986,-,12間,NT$4280-17800(定價係指各種房型之最高備查價格區間，各房型實際售價請依旅宿業者公布為主。),4280,-
京都商務旅館,臺北市中山區長春路38號3-10樓,02-25673366,https://www.mrhost.com.tw/store/p307/taipeikyotohotel.html,40間,NT$4300-9000(定價係指各種房型之最高備查價格區間，各房型實際售價請依旅宿業者公布為主。),4300,-
新驛旅店復興北路店,臺北市中山區復興北路338號,02-25158777,-,120間,NT$4300-7300(定價係指各種房型之最高備查價格區間，各房型實際售價請依旅宿業者公布為主。),4300,-
台北碧瑤飯店,臺北市松山區八德路二段367號1-10樓,02-27813121,http://www.hotelb.com.tw/,84間,NT$4300-7800(定價係指各種房型之最高備查價格區間，各房型實際售價請依旅宿業者公布為主。),4300,-
瑞華旅社,臺北市大安區忠孝東路四段235號4-5樓,02-27413147,-,20間,NT$4300-4300(定價係指各種房型之最高備查價格區間，各房型實際售價請依旅宿業者公布為主。),4300,-
方舟旅店長安復興,臺北市中山區長安東路二段246號3樓、10樓及11樓,02-27727750,-,82間,NT$4300-18880(定價係指各種房型之最高備查價格區間，各房型實際售價請依旅宿業者公布為主。),4300,-
好駐旅館,臺北市中山區新生北路一段106號6樓、7樓、7樓之1-9,02-25213131,-,29間,NT$4360-7360(定價係指各種房型之最高備查價格區間，各房型實際售價請依旅宿業者公布為主。),4360,-
華麗大飯店,臺北市萬華區康定路41號,02-23818111,http://f-hotel.com.tw,88間,NT$4370-6120(定價係指各種房型之最高備查價格區間，各房型實際售價請依旅宿業者公布為主。),4370,-
福泰桔子商務旅館（林森店）,臺北市中山區林森北路139號1樓至8樓及地下室,02-25632688,-,88間,NT$4400-4950(定價係指各種房型之最高備查價格區間，各房型實際售價請依旅宿業者公布為主。),4400,-
盤古捷旅,臺北市中山區中山北路1段135巷39號(地上層至7層),02-25671001,http://www.panco-hotels.com.tw/,50間,NT$4400-8800(定價係指各種房型之最高備查價格區間，各房型實際售價請依旅宿業者公布為主。),4400,-
聖雄商旅,臺北市松山區基隆路一段8號、10號17至18樓,02-27600920,https://www.zuker.com.tw/,37間,NT$4400-7700(定價係指各種房型之最高備查價格區間，各房型實際售價請依旅宿業者公布為主。),4400,-
洛碁大飯店山水閣,臺北市中山區中山北路二段181號1-5樓,02-25971281,https://sansui.greenworldhotels.com/,32間,NT$4500-6600(定價係指各種房型之最高備查價格區間，各房型實際售價請依旅宿業者公布為主。),4500,-
洛碁大飯店慶天閣,臺北市中山區中山北路二段181號7-9樓,02-25971281,-,24間,NT$4500-6600(定價係指各種房型之最高備查價格區間，各房型實際售價請依旅宿業者公布為主。),4500,-
印石時尚旅館,臺北市文山區秀明路二段15號,02-86617070,http://gorates-hotel.com/web/summary/67,50間,NT$4500-12000(定價係指各種房型之最高備查價格區間，各房型實際售價請依旅宿業者公布為主。),4500,-
洛碁大飯店協美,臺北市中山區中山北路二段181號10-12樓,02-25971281,-,24間,NT$4500-6600(定價係指各種房型之最高備查價格區間，各房型實際售價請依旅宿業者公布為主。),4500,-
洛碁大飯店新仕界,臺北市萬華區昆明街139號2樓、141號3至9樓、7樓之1至13、8樓之1至8,02-23118863,http://newworld.greenworldhotels.com/,107間,NT$4500-8000(定價係指各種房型之最高備查價格區間，各房型實際售價請依旅宿業者公布為主。),4500,2
二十輪旅店大安店,臺北市大安區大安路一段183號，185號，185號2樓至7樓,02-27032220,http://www.swiio.com,30間,NT$4500-5000(定價係指各種房型之最高備查價格區間，各房型實際售價請依旅宿業者公布為主。),4500,-
丹迪旅店-天母店,臺北市士林區中山北路六段728巷2號1-7樓,02-28732222,-,54間,NT$4600-7000(定價係指各種房型之最高備查價格區間，各房型實際售價請依旅宿業者公布為主。),4600,-
山樂溫泉,臺北市北投區泉源路1巷17號1-2樓,02-28913388,-,9間,NT$4600-15000(定價係指各種房型之最高備查價格區間，各房型實際售價請依旅宿業者公布為主。),4600,-
老爺商務會館,臺北市中山區南京西路1號8-11樓,02-25316171,http://www.hotelroyal.com.tw,76間,NT$4620-7260(定價係指各種房型之最高備查價格區間，各房型實際售價請依旅宿業者公布為主。),4620,-
薇閣精品旅館(大直館),臺北市中山區敬業三路11號,02-85026000,-,96間,NT$4700-16800(定價係指各種房型之最高備查價格區間，各房型實際售價請依旅宿業者公布為主。),4700,-
葳皇時尚飯店,"臺北市大同區延平北路二段197號3,4,11樓",02-25575379,http://www.vonehotel.com/,48間,NT$4720-6520(定價係指各種房型之最高備查價格區間，各房型實際售價請依旅宿業者公布為主。),4720,-
艾爾行旅,臺北市大安區忠孝東路四段87號7樓、7樓之2、7樓之3、7樓之4及7樓之8,02-27418080,https://www.hej-hotel.com.tw/,40間,NT$4800-26000(定價係指各種房型之最高備查價格區間，各房型實際售價請依旅宿業者公布為主。),4800,-
富園國際商務飯店,臺北市萬華區中華路一段178號,02-23887890,http://www.rich-gardenhotel.com.tw,45間,NT$4800-10000(定價係指各種房型之最高備查價格區間，各房型實際售價請依旅宿業者公布為主。),4800,-
萬事達旅店(中華店),臺北市萬華區中華路一段82號1-9樓,02-23820889,http://www.wonstar.com.tw,56間,NT$4800-10800(定價係指各種房型之最高備查價格區間，各房型實際售價請依旅宿業者公布為主。),4800,-
采舍精品旅館,臺北市中山區農安街34號3樓及7樓,02-25963969,-,35間,NT$4800-6800(定價係指各種房型之最高備查價格區間，各房型實際售價請依旅宿業者公布為主。),4800,-
能量旅店,臺北市萬華區康定路25巷38號,02-23121211,http://www.energyinn.com.tw/,4間,NT$4800-6400(定價係指各種房型之最高備查價格區間，各房型實際售價請依旅宿業者公布為主。),4800,-
老爺會館台北林森,"臺北市中山區林森北路83號4-10樓,11,11-1,11-2,12,12-1,12-2樓",02-25676336,http://www.hotelroyal.com.tw/linsen/,81間,NT$4840-5500(定價係指各種房型之最高備查價格區間，各房型實際售價請依旅宿業者公布為主。),4840,-
怡品商旅,臺北市大安區忠孝東路四段87號13﹑14樓,02-27766136,http://www.eastin-taipei.com.tw,81間,NT$4880-20880(定價係指各種房型之最高備查價格區間，各房型實際售價請依旅宿業者公布為主。),4880,-
西門星辰大飯店,臺北市萬華區峨眉街94號2至9樓,02-23898898,http://www.ximen-citizenhotel.com/,65間,NT$4880-9380(定價係指各種房型之最高備查價格區間，各房型實際售價請依旅宿業者公布為主。),4880,-
宜家居商旅,臺北市北投區中和街40號3樓及3樓之1,02-28910502,http://www.e-jia.com.tw,39間,NT$4900-4900(定價係指各種房型之最高備查價格區間，各房型實際售價請依旅宿業者公布為主。),4900,-
二十輪旅店,臺北市萬華區武昌街二段72號5樓、6樓、10樓,02-23810500,-,48間,NT$4900-5400(定價係指各種房型之最高備查價格區間，各房型實際售價請依旅宿業者公布為主。),4900,-
玉璽精品飯店,臺北市士林區中山北路七段14巷2之3號2至10樓、11樓（11層及12層）,02-28766579,-,85間,NT$4950-6600(定價係指各種房型之最高備查價格區間，各房型實際售價請依旅宿業者公布為主。),4950,-
雀客旅館台北信義,臺北市信義區信義路四段468號3-13樓,02-23459777,-,88間,NT$5000-8800(定價係指各種房型之最高備查價格區間，各房型實際售價請依旅宿業者公布為主。),5000,-
金財神旅館,臺北市中正區中華路一段21號3樓,02-23110066,-,12間,NT$5000-12000(定價係指各種房型之最高備查價格區間，各房型實際售價請依旅宿業者公布為主。),5000,2
台北天晴旅店,臺北市中正區懷寧街92-2號1至6樓,02-23319391,-,15間,NT$5000-20000(定價係指各種房型之最高備查價格區間，各房型實際售價請依旅宿業者公布為主。),5000,-
兄弟大飯店,臺北市松山區南京東路3段255號,02-27123456,http://www.brotherhotel.com.tw,250間,NT$5000-6700(定價係指各種房型之最高備查價格區間，各房型實際售價請依旅宿業者公布為主。),5000,4
台糖台北會館,臺北市中正區中華路一段39號,02-23885522,https://www.taipeihotel-tsc.com.tw,68間,NT$5000-7200(定價係指各種房型之最高備查價格區間，各房型實際售價請依旅宿業者公布為主。),5000,-
東皇大飯店,臺北市北投區溫泉路108號1-6樓,02-28913027,-,39間,NT$5000-8000(定價係指各種房型之最高備查價格區間，各房型實際售價請依旅宿業者公布為主。),5000,-
宏都金殿大飯店,臺北市大安區安和路2段100號2-9樓,02-27556599,http://www.hdpalace.com.tw,32間,NT$5000-16000(定價係指各種房型之最高備查價格區間，各房型實際售價請依旅宿業者公布為主。),5000,-
悅來旅館,臺北市中正區中華路一段21號6-7樓,02-23110066,-,26間,NT$5000-12000(定價係指各種房型之最高備查價格區間，各房型實際售價請依旅宿業者公布為主。),5000,2
儷萊飯店(普亨萊大飯店),臺北市中正區中華路一段21號12樓,02-23111440,-,13間,NT$5000-12000(定價係指各種房型之最高備查價格區間，各房型實際售價請依旅宿業者公布為主。),5000,2
番茄行旅,臺北市大同區太原路156-2號5樓,02-25555930,-,5間,NT$5000-5000(定價係指各種房型之最高備查價格區間，各房型實際售價請依旅宿業者公布為主。),5000,-
復新文旅,"臺北市中山區復興北路282號3,6樓",02-25099359,http://www.foreverinn.com.tw,19間,NT$5000-6500(定價係指各種房型之最高備查價格區間，各房型實際售價請依旅宿業者公布為主。),5000,-
君帥旅館,臺北市萬華區成都路68號8-10樓,02-23718812,-,35間,NT$5000-8000(定價係指各種房型之最高備查價格區間，各房型實際售價請依旅宿業者公布為主。),5000,-
函舍旅館,臺北市萬華區成都路68號4-5樓,02-23718812,-,20間,NT$5000-8000(定價係指各種房型之最高備查價格區間，各房型實際售價請依旅宿業者公布為主。),5000,-
配普特行旅,臺北市大同區鄭州路21巷4號(1樓至3樓),02-25583669,-,9間,NT$5000-12000(定價係指各種房型之最高備查價格區間，各房型實際售價請依旅宿業者公布為主。),5000,-
熱海大飯店,臺北市北投區光明路258號B1-11樓,02-28915161,http://www.atamihotel.com.tw,265間,NT$5100-16400(定價係指各種房型之最高備查價格區間，各房型實際售價請依旅宿業者公布為主。),5100,-
台北馥華商旅南港館,臺北市南港區三重路23號1-4樓,02-27852655,-,66間,NT$5100-7000(定價係指各種房型之最高備查價格區間，各房型實際售價請依旅宿業者公布為主。),5100,-
蜂巢BeeHouse,"臺北市大同區太原路55,57號",02-25599000,https://www.b-house.com.tw/,31間,NT$5200-7200(定價係指各種房型之最高備查價格區間，各房型實際售價請依旅宿業者公布為主。),5200,-
台北馥華商旅敦北館,臺北市松山區敦化北路4巷52號1至7樓,02-66131300,http://www.simplehotel.com.tw,73間,NT$5200-6500(定價係指各種房型之最高備查價格區間，各房型實際售價請依旅宿業者公布為主。),5200,-
雀客快捷台北永康,臺北市中正區信義路二段73號(1至7樓、1樓夾層、公共使用),02-23212721,-,43間,NT$5200-5200(定價係指各種房型之最高備查價格區間，各房型實際售價請依旅宿業者公布為主。),5200,-
紫園旅社,臺北市大同區南京西路18巷30號,02-25557178,http://www.purplegarden.com.tw,27間,NT$5200-6200(定價係指各種房型之最高備查價格區間，各房型實際售價請依旅宿業者公布為主。),5200,-
旅樂序精品旅館五館,臺北市中正區重慶南路一段20號B1樓至10樓,02-23756777,http://www.hotelrelaxclub.com/,57間,NT$5200-6400(定價係指各種房型之最高備查價格區間，各房型實際售價請依旅宿業者公布為主。),5200,-
喬合大飯店,臺北市大安區復興南路一段136號1-4樓,02-27765877,http://deja-vu.city-hotel.com.tw/,69間,NT$5200-8000(定價係指各種房型之最高備查價格區間，各房型實際售價請依旅宿業者公布為主。),5200,-
立多精品旅館,"臺北市萬華區開封街二段53號3-5,7-9樓",02-23817899,http://www.liduobesthotel.com.tw/Taipei/,22間,NT$5200-6800(定價係指各種房型之最高備查價格區間，各房型實際售價請依旅宿業者公布為主。),5200,-
優美飯店,臺北市中山區民生東路一段28號1-8樓,02-25255678,-,63間,NT$5250-7650(定價係指各種房型之最高備查價格區間，各房型實際售價請依旅宿業者公布為主。),5250,-
雀客旅館　,臺北市中山區松江路253號1至13樓,02-77266277,http://www.checkinn.com.tw,65間,NT$5300-6500(定價係指各種房型之最高備查價格區間，各房型實際售價請依旅宿業者公布為主。),5300,-
東姿商務旅館,臺北市中山區一江街33號1-4樓,02-25638866,http://www.easternbeauty.tw,29間,NT$5400-7500(定價係指各種房型之最高備查價格區間，各房型實際售價請依旅宿業者公布為主。),5400,-
洛碁大飯店舞衣南京館,臺北市中山區南京東路二段163號1-8樓,02-25035511,https://mainanjing.greenworldhotels.com/,40間,NT$5400-6600(定價係指各種房型之最高備查價格區間，各房型實際售價請依旅宿業者公布為主。),5400,-
賓王大飯店,臺北市大同區南京西路163號3至4樓,02-25555182,-,53間,NT$5500-15000(定價係指各種房型之最高備查價格區間，各房型實際售價請依旅宿業者公布為主。),5500,-
大欣大飯店,臺北市中山區中山北路二段27巷2-2號1-5樓,02-25652155,-,32間,NT$5500-6500(定價係指各種房型之最高備查價格區間，各房型實際售價請依旅宿業者公布為主。),5500,-
大地清旅,臺北市中山區長安東路二段246號4至5樓,02-27110102,http://www.hihorizon.com,36間,NT$5500-5500(定價係指各種房型之最高備查價格區間，各房型實際售價請依旅宿業者公布為主。),5500,-
朗司旅館,臺北市大安區信義路3段147巷18號、2樓至7樓、2樓之1及6樓之1,02-27018110,http://www.cheznoushotel.com,25間,NT$5500-18000(定價係指各種房型之最高備查價格區間，各房型實際售價請依旅宿業者公布為主。),5500,-
台北捷運-北投會館(捷之旅),臺北市北投區大業路527巷88號(2至3樓),02-28930105,https://btresort.metro.taipei/,42間,NT$5500-12000(定價係指各種房型之最高備查價格區間，各房型實際售價請依旅宿業者公布為主。),5500,-
方舟旅店,臺北市中正區信義路二段255號1至4樓,02-23912600,http://www.arkhotel.com.tw,12間,NT$5500-5500(定價係指各種房型之最高備查價格區間，各房型實際售價請依旅宿業者公布為主。),5500,-
喜瑞飯店,臺北市中山區長安東路一段64號B1-10樓,02-25410077,http://www.ambiencehotel.com.tw,61間,NT$5600-17000(定價係指各種房型之最高備查價格區間，各房型實際售價請依旅宿業者公布為主。),5600,-
涪美飯店,臺北市中正區重慶南路一段94號,02-23810086,http://hotelb7journey.beautyhotels.com.tw/,49間,NT$5600-20000(定價係指各種房型之最高備查價格區間，各房型實際售價請依旅宿業者公布為主。),5600,-
苓旅站前,臺北市中正區忠孝西路一段72號4樓,02-23814755,-,35間,NT$5680-6880(定價係指各種房型之最高備查價格區間，各房型實際售價請依旅宿業者公布為主。),5680,-
苓旅旅館萬年館,臺北市萬華區西寧南路70號7樓,02-23814188,-,29間,NT$5680-6880(定價係指各種房型之最高備查價格區間，各房型實際售價請依旅宿業者公布為主。),5680,-
新凱飯店,臺北市中山區新生北路3段76之1號1至10樓,02-25855000,-,42間,NT$5700-8000(定價係指各種房型之最高備查價格區間，各房型實際售價請依旅宿業者公布為主。),5700,3
進綵商旅,臺北市大同區迪化街一段334號1至3樓,02-25536711,http://www.dghotel.com.tw,6間,NT$5750-12000(定價係指各種房型之最高備查價格區間，各房型實際售價請依旅宿業者公布為主。),5750,-
芝山璞旅,"臺北市士林區福國路106號1樓,2-6樓之1至7",02-28332323,-,41間,NT$5800-15000(定價係指各種房型之最高備查價格區間，各房型實際售價請依旅宿業者公布為主。),5800,-
首都唯客樂飯店,臺北市中山區長春路187號1-9樓,02-25070168,http://www.waikoloa.com.tw/,80間,NT$5800-9800(定價係指各種房型之最高備查價格區間，各房型實際售價請依旅宿業者公布為主。),5800,-
東旅,臺北市松山區南京東路五段97號地下1樓、1樓夾層、1至10樓,02-27663889,https://www.hoteleast.com.tw,35間,NT$5800-6900(定價係指各種房型之最高備查價格區間，各房型實際售價請依旅宿業者公布為主。),5800,-
旅樂序精品旅館,臺北市中正區館前路8號10樓、11樓,02-23832727,http://www.hotelrelaxclub.com,34間,NT$5800-7800(定價係指各種房型之最高備查價格區間，各房型實際售價請依旅宿業者公布為主。),5800,-
福泰桔子商務旅館西門店,臺北市萬華區中華路一段166之2號1至11樓,02-23115556,-,60間,NT$5800-6800(定價係指各種房型之最高備查價格區間，各房型實際售價請依旅宿業者公布為主。),5800,-
台北綠蒂大飯店,臺北市中山區新生北路三段56巷14號2至6樓,02-25943901,http://www.taipeilotty.com,40間,NT$5860-9000(定價係指各種房型之最高備查價格區間，各房型實際售價請依旅宿業者公布為主。),5860,-
城鄉旅坊台北,臺北市中山區松江路95之1號4樓,02-25029955,http://www.bonhoteltaipei.com,11間,NT$5880-6880(定價係指各種房型之最高備查價格區間，各房型實際售價請依旅宿業者公布為主。),5880,-
漾館溫泉商旅,臺北市北投區溫泉路63號1-4樓,02-28911118,http://www.aquabella.com.tw/,31間,NT$5888-15800(定價係指各種房型之最高備查價格區間，各房型實際售價請依旅宿業者公布為主。),5888,-
意芙旅店,臺北市大同區延平北路二段197號2樓,02-25532133,-,20間,NT$5980-9900(定價係指各種房型之最高備查價格區間，各房型實際售價請依旅宿業者公布為主。),5980,-
洛碁大飯店忠孝館,臺北市大安區忠孝東路四段180號1樓、4樓至14樓,02-27116869,http://zhongxiao.greenworldhotels.com,150間,NT$6000-10000(定價係指各種房型之最高備查價格區間，各房型實際售價請依旅宿業者公布為主。),6000,-
台北發現青年旅舍,臺北市中山區民權東路二段21號5、6樓,02-25980209,https://www.facebook.com/discoverhostel,7間,NT$6000-14000(定價係指各種房型之最高備查價格區間，各房型實際售價請依旅宿業者公布為主。),6000,-
天成大飯店,臺北市中正區忠孝西路1段43號,02-23617856,http://www.cosmos-hotel.com.tw,226間,NT$6000-20000(定價係指各種房型之最高備查價格區間，各房型實際售價請依旅宿業者公布為主。),6000,-
品格子旅店,臺北市中正區公園路13號10樓,02-25935969,http://inncube.com.tw/ch/,34間,NT$6000-6000(定價係指各種房型之最高備查價格區間，各房型實際售價請依旅宿業者公布為主。),6000,-
鳳凰閣旅社,臺北市北投區溫泉路106之1號,"02-28911889,28912364",http://www.phoenix-pavillion.com.tw/,25間,NT$6000-12000(定價係指各種房型之最高備查價格區間，各房型實際售價請依旅宿業者公布為主。),6000,-
吉泰旅店,臺北市士林區大東路93號1至4樓,02-28822278,http://www.greatt93.com/,19間,NT$6000-6000(定價係指各種房型之最高備查價格區間，各房型實際售價請依旅宿業者公布為主。),6000,-
大師會館國際酒店,臺北市大同區市民大道1段211號16樓等25室,02-25597722,-,24間,NT$6000-15500(定價係指各種房型之最高備查價格區間，各房型實際售價請依旅宿業者公布為主。),6000,-
小公館人文旅舍,"臺北市松山區南京東路五段399號5,8,14樓",02-27690200,-,20間,NT$6000-25200(定價係指各種房型之最高備查價格區間，各房型實際售價請依旅宿業者公布為主。),6000,-
三德大飯店,臺北市大同區承德路3段49號,02-25963111,http://www.santoshotel.com,287間,NT$6000-12000(定價係指各種房型之最高備查價格區間，各房型實際售價請依旅宿業者公布為主。),6000,-
世民酒店台北北門,臺北市中正區中華路一段3號(1樓至26樓),070-10161061,https://www.citizenm.com/,267間,NT$6000-20000(定價係指各種房型之最高備查價格區間，各房型實際售價請依旅宿業者公布為主。),6000,-
陽光士林珮柏旅館,臺北市士林區福德路48巷6、8、10、12號1至7樓,02-28817588,http://www.papersun.com.tw,56間,NT$6000-9500(定價係指各種房型之最高備查價格區間，各房型實際售價請依旅宿業者公布為主。),6000,-
麗之湯別館,臺北市北投區溫泉路銀光巷4-2號,02-28910033,https://ghsr.com.tw/,40間,NT$6000-14000(定價係指各種房型之最高備查價格區間，各房型實際售價請依旅宿業者公布為主。),6000,-
洛碁大飯店中華館,臺北市中正區中華路一段41號2樓、3樓、10樓至14樓,02-23705158,https://zhonghua.greenworldhotels.com/,197間,NT$6000-16000(定價係指各種房型之最高備查價格區間，各房型實際售價請依旅宿業者公布為主。),6000,-
台北漫步旅店,臺北市萬華區成都路163號2至6樓,02-23831334,http://www.staymeander.com,27間,NT$6000-12000(定價係指各種房型之最高備查價格區間，各房型實際售價請依旅宿業者公布為主。),6000,-
璞漣商務旅館臺北車站店,臺北市大同區華陰街46號3樓,02-25592662,-,43間,NT$6000-15000(定價係指各種房型之最高備查價格區間，各房型實際售價請依旅宿業者公布為主。),6000,-
仲信大湖商旅,臺北市內湖區成功路四段351、353號1至4樓,02-27932122,http://dahu.hotel123.com.tw,27間,NT$6000-6000(定價係指各種房型之最高備查價格區間，各房型實際售價請依旅宿業者公布為主。),6000,-
天成文旅華山町,臺北市中正區忠孝東路二段79號（1-3樓）,02-23515188,http://www.huashandin.com.tw,72間,NT$6000-9500(定價係指各種房型之最高備查價格區間，各房型實際售價請依旅宿業者公布為主。),6000,-
台北馥敦飯店復南館,臺北市大安區復興南路二段41號,02-27031234,http://www.taipeifullerton.com.tw/,95間,NT$6000-9600(定價係指各種房型之最高備查價格區間，各房型實際售價請依旅宿業者公布為主。),6000,-
華山文旅,臺北市中正區金山北路1號4樓、4樓之1至之3、4樓之5至之8、7樓、7樓之1至之3、7樓之5至之8、8樓、8樓之1至之3、8樓之5,02-23963388,http://www.wallsun.com.tw,23間,NT$6000-10000(定價係指各種房型之最高備查價格區間，各房型實際售價請依旅宿業者公布為主。),6000,-
天母之星商務會館,"臺北市北投區石牌路一段166巷46號,2樓至7樓、2樓之1至5樓之1、2樓之2至5樓之2",02-28231896,http://service-apartment.com.tw/,17間,NT$6000-12000(定價係指各種房型之最高備查價格區間，各房型實際售價請依旅宿業者公布為主。),6000,-
台北棧,臺北市中正區許昌街40號6樓、6樓之1、6樓之2、7樓、7樓之1、7樓之2、7樓之3,02-23313381,https://www.taiwanstay.net.tw/room/32943,18間,NT$6000-15000(定價係指各種房型之最高備查價格區間，各房型實際售價請依旅宿業者公布為主。),6000,-
藝宿商旅,臺北市大同區重慶北路一段116號2樓至11樓及11樓夾層,02-25506655,https://taipei.yisuhotel.com/,69間,NT$6160-8800(定價係指各種房型之最高備查價格區間，各房型實際售價請依旅宿業者公布為主。),6160,-
囍閱文創旅店,臺北市萬華區長沙街二段11號10樓,02-23886235,http://www.hotelattic.com/,20間,NT$6200-9000(定價係指各種房型之最高備查價格區間，各房型實際售價請依旅宿業者公布為主。),6200,-
承攜行旅台北八德館,臺北市松山區八德路四段213號1-7樓,02-27425575,-,76間,NT$6200-8000(定價係指各種房型之最高備查價格區間，各房型實際售價請依旅宿業者公布為主。),6200,-
北投老爺酒店,臺北市北投區中和街2號1樓及6至12樓,02-28969777,http://www.hotelroyal.com.tw/beitou/,50間,NT$6400-6400(定價係指各種房型之最高備查價格區間，各房型實際售價請依旅宿業者公布為主。),6400,-
清翼居旅店采風館,臺北市中正區南陽街8號2至5樓,02-23123661,http://www.morwinghotel.com/,50間,NT$6500-8000(定價係指各種房型之最高備查價格區間，各房型實際售價請依旅宿業者公布為主。),6500,-
雀客旅館台北站前,臺北市中正區襄陽路4號(1至10樓),02-23120522,-,100間,NT$6500-15000(定價係指各種房型之最高備查價格區間，各房型實際售價請依旅宿業者公布為主。),6500,-
雀客藏居台北南港,臺北市南港區重陽路59號,02-26512251,-,105間,NT$6600-11220(定價係指各種房型之最高備查價格區間，各房型實際售價請依旅宿業者公布為主。),6600,3
台北國際飯店,臺北市中山區南京東路一段66號B1-10樓,02-66085999,http://htl.hotel.com.tw,85間,NT$6600-11800(定價係指各種房型之最高備查價格區間，各房型實際售價請依旅宿業者公布為主。),6600,-
富驛時尚酒店　,臺北市中山區南京東路三段131號10-13樓,02-55720777,http://www.fxhotels.com.tw,180間,NT$6600-16800(定價係指各種房型之最高備查價格區間，各房型實際售價請依旅宿業者公布為主。),6600,-
洛碁大飯店南港館,臺北市南港區忠孝東路七段526號1-14樓、528號2-14樓,02-27893009,https://nangang.greenworldhotels.com/,120間,NT$6600-9200(定價係指各種房型之最高備查價格區間，各房型實際售價請依旅宿業者公布為主。),6600,-
承攜行旅台北大稻埕,"臺北市大同區西寧北路49號1-5樓,43-47號2-5樓",02-25552268,https://www.facebook.com/GuideHotel.tw,24間,NT$6600-7200(定價係指各種房型之最高備查價格區間，各房型實際售價請依旅宿業者公布為主。),6600,-
長富時尚旅店,臺北市中山區長春路56號3.4.5樓　,02-25420101,-,24間,NT$6600-7200(定價係指各種房型之最高備查價格區間，各房型實際售價請依旅宿業者公布為主。),6600,-
豪景大酒店新館,臺北市萬華區成都路173之1號B2及1至7樓,02-23113130,http://suites.riverview.com.tw/,48間,NT$6600-11000(定價係指各種房型之最高備查價格區間，各房型實際售價請依旅宿業者公布為主。),6600,-
洛碁大飯店松山館,臺北市南港區玉成街149號,02-27837088,https://songshan.greenworldhotels.com/,97間,NT$6800-12800(定價係指各種房型之最高備查價格區間，各房型實際售價請依旅宿業者公布為主。),6800,-
錦棧商旅,臺北市中山區林森北路413號2樓、7樓、7樓之14及錦州街46號7樓、48號7樓,02-77012121,http://www.gold-inn.com.tw/,67間,NT$6800-16800(定價係指各種房型之最高備查價格區間，各房型實際售價請依旅宿業者公布為主。),6800,-
承攜行旅台北復北館,臺北市松山區復興北路307號1至7樓,02-27122155,https://www.mastripms.com/guidehotelfuxing,65間,NT$6800-12000(定價係指各種房型之最高備查價格區間，各房型實際售價請依旅宿業者公布為主。),6800,-
雅齊旅館,臺北市中正區重慶南路1段86號3樓、3樓之1、4樓、4樓之1、5樓及3樓、4樓等共同使用、5樓共同使用,02-23709988,-,93間,NT$6800-8800(定價係指各種房型之最高備查價格區間，各房型實際售價請依旅宿業者公布為主。),6800,-
木文陶喜時尚旅館,臺北市信義區基隆路一段155號2樓之2、2樓之3,02-27494698,http://www.mtaipeihotel.com,15間,NT$6800-12800(定價係指各種房型之最高備查價格區間，各房型實際售價請依旅宿業者公布為主。),6800,-
內江賓舘,臺北市萬華區西寧南路112號2-6樓,02-23812147,http://www.neijianghotel.com,17間,NT$6800-9500(定價係指各種房型之最高備查價格區間，各房型實際售價請依旅宿業者公布為主。),6800,-
皇后旅社,臺北市大同區長安西路226號1至4樓,02-25590489,https://taiwanstay.net.tw/room/17238,20間,NT$6800-20000(定價係指各種房型之最高備查價格區間，各房型實際售價請依旅宿業者公布為主。),6800,-
皇后旅店二館,臺北市大同區南京西路163號四樓之2,02-25555877,-,30間,NT$6800-6800(定價係指各種房型之最高備查價格區間，各房型實際售價請依旅宿業者公布為主。),6800,-
森浩文旅-STEPINN,臺北市松山區饒河街131、133號3樓,02-27609090,-,14間,NT$6800-12800(定價係指各種房型之最高備查價格區間，各房型實際售價請依旅宿業者公布為主。),6800,-
白色空間設計旅店,臺北市中正區臺北市中正區許昌街40號4樓、4樓之1、4樓之2,02-23822200,-,13間,NT$6800-8800(定價係指各種房型之最高備查價格區間，各房型實際售價請依旅宿業者公布為主。),6800,-
路境行旅-府前館,臺北市中正區重慶南路一段86號,02-23899595,http://www.findershotel.com,158間,NT$6880-22880(定價係指各種房型之最高備查價格區間，各房型實際售價請依旅宿業者公布為主。),6880,-
千彩格精品旅店　,臺北市中山區林森北路286號2至3樓,02-25637555,https://www.facebook.com/colors286/,19間,NT$6880-6880(定價係指各種房型之最高備查價格區間，各房型實際售價請依旅宿業者公布為主。),6880,-
丹迪旅店-天津店,臺北市中山區中山北路一段135巷13號,02-25415788,http://www.dandyhotel.com.tw,30間,NT$7000-7800(定價係指各種房型之最高備查價格區間，各房型實際售價請依旅宿業者公布為主。),7000,-
悠逸商旅,臺北市士林區承德路4段318號1樓至10樓,02-28883966,http://www.uinnhotel.com/business/index.htmi,66間,NT$7000-10000(定價係指各種房型之最高備查價格區間，各房型實際售價請依旅宿業者公布為主。),7000,-
洛碁大飯店驛,臺北市中正區重慶南路1段21號1至10樓及15號3至10樓,02-23819199,http://station.greenworldhotels.com/,97間,NT$7000-36000(定價係指各種房型之最高備查價格區間，各房型實際售價請依旅宿業者公布為主。),7000,-
丰居旅店雙連館,"臺北市中山區民生東路一段42號2,3樓,-1至-5",02-23112555,http://loft.via-hotel.com.tw,47間,NT$7000-10000(定價係指各種房型之最高備查價格區間，各房型實際售價請依旅宿業者公布為主。),7000,-
東驛E-HOUSE,臺北市萬華區西寧南路155號3F,02-23615161,-,13間,NT$7000-7000(定價係指各種房型之最高備查價格區間，各房型實際售價請依旅宿業者公布為主。),7000,-
天雲旅棧台北中山,"臺北市中山區中山北路一段83巷7,7之1號至7之18號",02-25216666,http://zs.tangoinn.com.tw/,56間,NT$7000-9800(定價係指各種房型之最高備查價格區間，各房型實際售價請依旅宿業者公布為主。),7000,-
玩行旅大安分館,臺北市大安區大安路1段81號1-7樓、81之1號、81號2樓之1、3樓之1至之5、4樓之1至之5、5樓之1至之5、6樓之1至之5、7樓之1至之5,02-87727862,http://www.wowhappy-daan.com.tw,65間,NT$7380-10880(定價係指各種房型之最高備查價格區間，各房型實際售價請依旅宿業者公布為主。),7380,-
首都大飯店松山館,臺北市松山區八德路四段658號1至12樓,02-77375577,http://www.capitalsongshan.com.tw,123間,NT$7480-11880(定價係指各種房型之最高備查價格區間，各房型實際售價請依旅宿業者公布為主。),7480,-
懷特豪斯青年旅舍,臺北市松山區南京東路五段123巷1號1至4樓、1之1號2至4樓、1之2號2至4樓,02-37656578,http://www.jiizu.com,38間,NT$7500-26000(定價係指各種房型之最高備查價格區間，各房型實際售價請依旅宿業者公布為主。),7500,-
城市商旅-台北南西館,臺北市大同區南京西路169號,02-25507722,http://www.hpw.com.tw/hotel/hotel.asp,80間,NT$7500-20000(定價係指各種房型之最高備查價格區間，各房型實際售價請依旅宿業者公布為主。),7500,-
洛碁大飯店建北館,臺北市中山區建國北路一段138巷1號、140號、140號2至11樓、142號、144號,02-25095151,-,59間,NT$7500-15000(定價係指各種房型之最高備查價格區間，各房型實際售價請依旅宿業者公布為主。),7500,-
雅柏精緻旅館,臺北市松山區南京東路五段319、321、323、325、327、329、331號,02-27645858,http://www.alpermotel.com.tw,36間,NT$7600-7600(定價係指各種房型之最高備查價格區間，各房型實際售價請依旅宿業者公布為主。),7600,-
太平洋商旅,"臺北市信義區光復南路495號11樓之2及13,16,17,19樓",02-87808000,-,48間,NT$7700-8400(定價係指各種房型之最高備查價格區間，各房型實際售價請依旅宿業者公布為主。),7700,-
謙商旅-東門館,臺北市中正區信義路二段163號,02-23582520,http://www.chaiinhotel.com.tw,85間,NT$7880-20880(定價係指各種房型之最高備查價格區間，各房型實際售價請依旅宿業者公布為主。),7880,-
立德北投溫泉飯店,臺北市北投區幽雅路11號B1-3樓,02-28973611,-,25間,NT$7920-13640(定價係指各種房型之最高備查價格區間，各房型實際售價請依旅宿業者公布為主。),7920,-
旅居文旅-西門驛站,臺北市萬華區台北市萬華區西寧南路67號5-9樓,02-23880050,http://www.hubhotel.com.tw/ximen-inn/,38間,NT$8000-10000(定價係指各種房型之最高備查價格區間，各房型實際售價請依旅宿業者公布為主。),8000,-
快意旅店,臺北市大安區市民大道4段168號、168號2樓至10樓、170號、172號、176號、178號,02-27711188,http://www.hotelpoispois.com,39間,NT$8000-15000(定價係指各種房型之最高備查價格區間，各房型實際售價請依旅宿業者公布為主。),8000,-
福容大飯店台北一館,臺北市大安區台北市大安區建國南路1段266號,02-27019266,http://www.fullon-hotels.com.tw,120間,NT$8000-32800(定價係指各種房型之最高備查價格區間，各房型實際售價請依旅宿業者公布為主。),8000,-
久居棧旅店,臺北市大同區延平北路二段255號2樓,02-25574999,https://www.9inehotels.com,49間,NT$8000-10000(定價係指各種房型之最高備查價格區間，各房型實際售價請依旅宿業者公布為主。),8000,-
台北商旅慶城館,臺北市松山區慶城街12號,02-87127589,http://www.suitetpe.com,84間,NT$8000-16500(定價係指各種房型之最高備查價格區間，各房型實際售價請依旅宿業者公布為主。),8000,-
薆悅酒店,臺北市萬華區西寧南路107號1至10樓,02-23753388,http://inhousehotel.com,53間,NT$8000-12000(定價係指各種房型之最高備查價格區間，各房型實際售價請依旅宿業者公布為主。),8000,-
台北中山意舍酒店,臺北市中山區中山北路二段57之1號1至8樓,02-25652828,http://www.amba-hotels.com/tc/zhongshan/,90間,NT$8000-12000(定價係指各種房型之最高備查價格區間，各房型實際售價請依旅宿業者公布為主。),8000,-
旅家雅舍,臺北市中正區南昌路二段222號11樓,09-26657353,https://sites.google.com/view/thresidence,7間,NT$8000-16000(定價係指各種房型之最高備查價格區間，各房型實際售價請依旅宿業者公布為主。),8000,-
昌亞旅館,臺北市中山區林森北路673號1至7樓,02-25863161,-,29間,NT$8000-8000(定價係指各種房型之最高備查價格區間，各房型實際售價請依旅宿業者公布為主。),8000,-
日野苑,臺北市中正區重慶南路1段18號2樓至7樓,02-23889998,-,35間,NT$8000-9800(定價係指各種房型之最高備查價格區間，各房型實際售價請依旅宿業者公布為主。),8000,-
天閣酒店(台北長安),臺北市中山區林森北路80號1至14樓,02-25317777,http://www.tango-hotels.com,80間,NT$8200-20000(定價係指各種房型之最高備查價格區間，各房型實際售價請依旅宿業者公布為主。),8200,-
台北馥華商旅,臺北市中山區一江街3號1-7樓,02-25118896,https://fwhotelsj.tw/,90間,NT$8280-10120(定價係指各種房型之最高備查價格區間，各房型實際售價請依旅宿業者公布為主。),8280,-
華大旅店-南西館,臺北市大同區南京西路151號6至12樓,02-25593232,-,45間,NT$8280-11160(定價係指各種房型之最高備查價格區間，各房型實際售價請依旅宿業者公布為主。),8280,-
松哖酒店,臺北市大安區仁愛路三段8號,02-27070101,http://www.sonnien-hotel.com,89間,NT$8500-18000(定價係指各種房型之最高備查價格區間，各房型實際售價請依旅宿業者公布為主。),8500,-
儷夏旅館-西寧館,臺北市萬華區西寧南路30號3樓、9樓,02-23616999,http://www.muzikhotel.com.tw,31間,NT$8500-9200(定價係指各種房型之最高備查價格區間，各房型實際售價請依旅宿業者公布為主。),8500,-
山水樂會館,臺北市北投區中和街20巷6號,02-28922665,http://www.shan-yue.com,18間,NT$8600-15000(定價係指各種房型之最高備查價格區間，各房型實際售價請依旅宿業者公布為主。),8600,-
綺樂文旅康定館,臺北市萬華區康定路32號1至6樓,02-23615868,https://hedohotel.com/,23間,NT$8800-8800(定價係指各種房型之最高備查價格區間，各房型實際售價請依旅宿業者公布為主。),8800,-
嘉賓閣旅館,臺北市北投區光明路230號B1-7樓,02-28930055,http://www.jbg-hotel.com.tw,47間,NT$8800-8800(定價係指各種房型之最高備查價格區間，各房型實際售價請依旅宿業者公布為主。),8800,-
台北桃禧大飯店,臺北市大同區重慶北路一段73號1樓及3至7樓,02-25505799,-,144間,NT$8800-12000(定價係指各種房型之最高備查價格區間，各房型實際售價請依旅宿業者公布為主。),8800,-
尚印旅店,臺北市中山區中山北路二段71號8樓,02-25682270,-,23間,NT$8800-11800(定價係指各種房型之最高備查價格區間，各房型實際售價請依旅宿業者公布為主。),8800,-
圓山大飯店,臺北市中山區中山北路4段1巷1號,02-28868888,http://www.grand-hotel.org,408間,NT$8800-36000(定價係指各種房型之最高備查價格區間，各房型實際售價請依旅宿業者公布為主。),8800,5
凱旋酒店,臺北市內湖區江南街55號3樓、9樓,02-87527888,http://www.justpalacehotel.com.tw,88間,NT$8800-38800(定價係指各種房型之最高備查價格區間，各房型實際售價請依旅宿業者公布為主。),8800,-
尚印旅店-二舘,臺北市中山區中山北路二段71號10樓,02-25682810,-,20間,NT$8800-11800(定價係指各種房型之最高備查價格區間，各房型實際售價請依旅宿業者公布為主。),8800,-
尚美精旅,臺北市中山區民生西路16號4樓,02-25230188,http://www.hotelijourney.com.tw/,14間,NT$8800-8800(定價係指各種房型之最高備查價格區間，各房型實際售價請依旅宿業者公布為主。),8800,-
京都飯店,臺北市北投區溫泉路105號1-3樓,02-28912151,-,19間,NT$8800-19800(定價係指各種房型之最高備查價格區間，各房型實際售價請依旅宿業者公布為主。),8800,-
門草行旅,臺北市大同區安西街23號1至4樓（不含安西街25號1樓）,02-25577045,https://m.facebook.com/thedoorinn,4間,NT$8800-8800(定價係指各種房型之最高備查價格區間，各房型實際售價請依旅宿業者公布為主。),8800,-
路徒行旅-中華館,臺北市中正區延平南路68號,02-23120589,http://www.roadershotel.com/,68間,NT$8880-35880(定價係指各種房型之最高備查價格區間，各房型實際售價請依旅宿業者公布為主。),8880,-
樂山水靜旅館OrigInn,臺北市大同區南京西路247號,02-25588843,http://www.facebook.com/OriginnSpace,5間,NT$8880-8880(定價係指各種房型之最高備查價格區間，各房型實際售價請依旅宿業者公布為主。),8880,-
錦達北投輕行旅,"臺北市北投區中央北路3段53巷1號,5號2-7樓",02-28977111,-,52間,NT$9000-11000(定價係指各種房型之最高備查價格區間，各房型實際售價請依旅宿業者公布為主。),9000,-
金來商旅,"臺北市中正區金山南路1段71號B1-7樓,71之1號2-7樓",02-23979399,http://www.royalbiz.com.tw/,48間,NT$9000-10000(定價係指各種房型之最高備查價格區間，各房型實際售價請依旅宿業者公布為主。),9000,-
台北凱撒大飯店,臺北市中正區忠孝西路1段38號,02-23115151,http://taipei.caesarpark.com.tw/,478間,NT$9000-18000(定價係指各種房型之最高備查價格區間，各房型實際售價請依旅宿業者公布為主。),9000,-
水美溫泉會館,臺北市北投區光明路224號,02-28983838,http://www.sweetme.com.tw,78間,NT$9000-50000(定價係指各種房型之最高備查價格區間，各房型實際售價請依旅宿業者公布為主。),9000,-
雀客藏居台北陽明山,臺北市士林區陽明山格致路237號,02-28616661,-,50間,NT$9000-18000(定價係指各種房型之最高備查價格區間，各房型實際售價請依旅宿業者公布為主。),9000,-
香樹花園酒店,臺北市中山區堤頂大道二段566號1樓、2樓、4樓（四層至六層）、7樓（七層至十一層）,02-85023955,http://www.saurahotel.com.tw,84間,NT$9000-45000(定價係指各種房型之最高備查價格區間，各房型實際售價請依旅宿業者公布為主。),9000,-
城市商旅北門館,臺北市大同區長安西路265號1至6樓及267號1至6樓,02-25525777,https://www.citysuites.com.tw/zh-tw/%E5%8F%B0%E5%8C%97%E5%8C%97%E9%96%80%E9%A4%A8/About,65間,NT$9000-12000(定價係指各種房型之最高備查價格區間，各房型實際售價請依旅宿業者公布為主。),9000,-
城市商旅北門二館,臺北市大同區長安西路271號2樓至4樓、275號1樓至4樓,02-25525777,-,19間,NT$9000-12000(定價係指各種房型之最高備查價格區間，各房型實際售價請依旅宿業者公布為主。),9000,-
劍潭璞旅,臺北市士林區承德路四段250號,02-28831777,http://www.jiantanboutechhotel.com.tw,240間,NT$9000-11000(定價係指各種房型之最高備查價格區間，各房型實際售價請依旅宿業者公布為主。),9000,-
台北商旅(大安館),臺北市大安區大安路一段135號,02-77119933,http://www.suitetpe.com,48間,NT$9200-11500(定價係指各種房型之最高備查價格區間，各房型實際售價請依旅宿業者公布為主。),9200,-
台北松山意舍酒店,臺北市南港區市民大道七段8號17樓至21樓,02-26532828,http://www.amba-hotels.com,190間,NT$9200-112930(定價係指各種房型之最高備查價格區間，各房型實際售價請依旅宿業者公布為主。),9200,-
洛碁大飯店南京館,臺北市中山區南京東路三段8號1樓至14樓,02-25098882,http://grandnanjing.greenworldhotels.com,116間,NT$9300-16000(定價係指各種房型之最高備查價格區間，各房型實際售價請依旅宿業者公布為主。),9300,-
福華大飯店,臺北市大安區仁愛路3段160號,02-2700,http://www.howard-hotels.com.tw,606間,NT$9500-55000(定價係指各種房型之最高備查價格區間，各房型實際售價請依旅宿業者公布為主。),9500,5
詩漫精品旅館,臺北市中正區館前路8號6樓,02-23820111,http://www.smileinn.com.tw/,33間,NT$9770-11530(定價係指各種房型之最高備查價格區間，各房型實際售價請依旅宿業者公布為主。),9770,-
老爺大酒店,臺北市中山區中山北路2段37之1號,02-25423266,http://www.royal-taipei.com.tw,202間,NT$9800-58000(定價係指各種房型之最高備查價格區間，各房型實際售價請依旅宿業者公布為主。),9800,5
日月星商旅,臺北市士林區重慶北路四段202號1-4樓、204號1樓,02-28119395,http://www.huluhotel111.com/,19間,NT$9800-16800(定價係指各種房型之最高備查價格區間，各房型實際售價請依旅宿業者公布為主。),9800,-
凱達大飯店,臺北市萬華區艋舺大道167號,02-23066777,http://www.caesarmetro.com,745間,NT$9800-68800(定價係指各種房型之最高備查價格區間，各房型實際售價請依旅宿業者公布為主。),9800,-
大新飯店,臺北市中山區長春路246號11-12樓,02-25068866,-,11間,NT$9800-11800(定價係指各種房型之最高備查價格區間，各房型實際售價請依旅宿業者公布為主。),9800,-
安捷國際公寓酒店,臺北市大同區市民大道1段201號15樓、15樓之1至之3、之5至之10,02-25592900,-,9間,NT$9800-15800(定價係指各種房型之最高備查價格區間，各房型實際售價請依旅宿業者公布為主。),9800,-
新舍商旅-林森館,臺北市中山區林森北路477號,02-77431000,https://www.discoverygroup.com.tw/brand/xinshehotel/,79間,NT$9900-16500(定價係指各種房型之最高備查價格區間，各房型實際售價請依旅宿業者公布為主。),9900,-
南港老爺行旅,臺北市南港區經貿二路196號.196號10樓至20樓,02-77500588,http://www.hotelroyal.com.tw/nangang/,179間,NT$9900-15180(定價係指各種房型之最高備查價格區間，各房型實際售價請依旅宿業者公布為主。),9900,-
合尊酒店SHotel,臺北市松山區敦化北路150號,02-27121777,http://www.shotel.com/,101間,NT$10000-150000(定價係指各種房型之最高備查價格區間，各房型實際售價請依旅宿業者公布為主。),10000,-
亞太飯店北投館,臺北市北投區幽雅路31號,02-28983088,https://www.apresort.com.tw,140間,NT$10000-38390(定價係指各種房型之最高備查價格區間，各房型實際售價請依旅宿業者公布為主。),10000,-
雲富大飯店,臺北市中山區長春路24號2樓至8樓,02-25316767,-,55間,NT$10000-36000(定價係指各種房型之最高備查價格區間，各房型實際售價請依旅宿業者公布為主。),10000,-
禾順行旅,臺北市萬華區廣州街247號及247號2至6樓,02-23081000,-,98間,NT$10000-20000(定價係指各種房型之最高備查價格區間，各房型實際售價請依旅宿業者公布為主。),10000,-
東棧商務旅店,"臺北市大安區忠孝東路四段209號8樓,8樓-1,-2,211號8樓,8樓-1",02-27117721,http://eastinn.vdthotel.com/,23間,NT$10000-20000(定價係指各種房型之最高備查價格區間，各房型實際售價請依旅宿業者公布為主。),10000,-
金帥商務旅店,臺北市萬華區昆明街142號7-8樓,02-23818131,http://www.kingshi-hotel.com.tw/,37間,NT$10000-15000(定價係指各種房型之最高備查價格區間，各房型實際售價請依旅宿業者公布為主。),10000,-
豪贊旅店,臺北市萬華區昆明街34號2樓,02-23702199,-,14間,NT$10000-20000(定價係指各種房型之最高備查價格區間，各房型實際售價請依旅宿業者公布為主。),10000,-
台北馥敦飯店,臺北市松山區復興北路315號1-7樓,02-27138181,http://www.taipeifullerton.com.tw/north/,71間,NT$10000-70000(定價係指各種房型之最高備查價格區間，各房型實際售價請依旅宿業者公布為主。),10000,-
富裕自由商旅,臺北市大安區忠孝東路四段235號2樓、2樓之1、3樓、3樓之1、4樓之1、5樓之1、6樓之1、7樓、7樓之1及9樓,02-27413147,http://www.hotelrf.com/rfhotel,67間,NT$10000-25000(定價係指各種房型之最高備查價格區間，各房型實際售價請依旅宿業者公布為主。),10000,-
歐華酒店,臺北市中山區林森北路646號,02-25853258,https://www.rivierataipei.com/zh-hant/,112間,NT$10000-30000(定價係指各種房型之最高備查價格區間，各房型實際售價請依旅宿業者公布為主。),10000,-
美麗信花園酒店,臺北市中山區市民大道三段83號,02-87728800,http://www.miramargarden.com.tw,203間,NT$10000-90000(定價係指各種房型之最高備查價格區間，各房型實際售價請依旅宿業者公布為主。),10000,-
趣西門旅店,臺北市萬華區武昌街二段72號7樓,02-23618266,-,27間,NT$10000-20000(定價係指各種房型之最高備查價格區間，各房型實際售價請依旅宿業者公布為主。),10000,-
悠趣旅店,臺北市松山區長安東路2段219號12樓,02-27752277,-,27間,NT$10000-15000(定價係指各種房型之最高備查價格區間，各房型實際售價請依旅宿業者公布為主。),10000,-
富裕自由旅店林森館,臺北市中山區林森北路85巷23號1至2樓,02-25671333,-,11間,NT$10000-15000(定價係指各種房型之最高備查價格區間，各房型實際售價請依旅宿業者公布為主。),10000,-
慶爾喜旅館長沙二館,臺北市萬華區長沙街二段11號3樓之1,02-77309920,-,6間,NT$10000-10000(定價係指各種房型之最高備查價格區間，各房型實際售價請依旅宿業者公布為主。),10000,-
丰居旅店北車館,臺北市中正區重慶南路一段60號,02-23142121,http://via-hotel.com.tw/,23間,NT$10000-12000(定價係指各種房型之最高備查價格區間，各房型實際售價請依旅宿業者公布為主。),10000,-
昇美精旅,臺北市中山區新生北路二段25號1-6樓,02-25111399,http://www.beautyhotels.com.tw/,42間,NT$10000-15000(定價係指各種房型之最高備查價格區間，各房型實際售價請依旅宿業者公布為主。),10000,-
旅城驛鎮,臺北市中山區松江路95-1號6樓,02-25081848,-,10間,NT$10000-12000(定價係指各種房型之最高備查價格區間，各房型實際售價請依旅宿業者公布為主。),10000,-
星西門行旅,臺北市萬華區西寧南路36號9樓、9樓之1、9樓之31至43、9樓之45至51、10樓之1,02-23313188,-,54間,NT$10000-20000(定價係指各種房型之最高備查價格區間，各房型實際售價請依旅宿業者公布為主。),10000,-
天閣酒店台北復興,臺北市松山區復興北路147號1至12樓,02-87128000,http://www.tango-hotels.com,70間,NT$10200-30000(定價係指各種房型之最高備查價格區間，各房型實際售價請依旅宿業者公布為主。),10200,-
阿樹國際旅店,臺北市松山區八德路三段76號1樓、4樓至14樓,02-25787728,http://www.artreehotel.com.tw/,141間,NT$10400-36000(定價係指各種房型之最高備查價格區間，各房型實際售價請依旅宿業者公布為主。),10400,-
天閣酒店台北劍潭,臺北市士林區基河路16之6號1樓至12樓,02-28862999,-,72間,NT$10500-30000(定價係指各種房型之最高備查價格區間，各房型實際售價請依旅宿業者公布為主。),10500,-
金都精緻溫泉飯店,臺北市北投區光明路240號1-6樓,02-28911228,-,31間,NT$10500-12800(定價係指各種房型之最高備查價格區間，各房型實際售價請依旅宿業者公布為主。),10500,-
漢普頓酒店,臺北市中山區建國北路2段7號,02-25069696,https://www.hcpt.com.tw/,129間,NT$10780-60000(定價係指各種房型之最高備查價格區間，各房型實際售價請依旅宿業者公布為主。),10780,-
九昱晴美,臺北市中山區林森北路568號2至13樓，3樓之1、2、3、5、6至12樓之1、2、3、5、6，13樓之1,02-66080807,http://www.jolleyhotels.com/,62間,NT$10800-21800(定價係指各種房型之最高備查價格區間，各房型實際售價請依旅宿業者公布為主。),10800,-
貴都飯店,臺北市萬華區西藏路192-1號,02-23029345,http://www.crystalhotel.com.tw,69間,NT$10800-22800(定價係指各種房型之最高備查價格區間，各房型實際售價請依旅宿業者公布為主。),10800,-
密都大飯店,臺北市中山區長春路246號2-9樓,02-25068866,-,48間,NT$10800-16800(定價係指各種房型之最高備查價格區間，各房型實際售價請依旅宿業者公布為主。),10800,-
寶格利時尚旅館,臺北市萬華區中華路一段168號1-15樓,02-23821314,http://www.burgaryhotel.com,46間,NT$10800-11800(定價係指各種房型之最高備查價格區間，各房型實際售價請依旅宿業者公布為主。),10800,-
有誠商旅,臺北市士林區至善路二段55號4樓至10樓,02-88615599,http://www.yusensehotel.com,64間,NT$11000-18000(定價係指各種房型之最高備查價格區間，各房型實際售價請依旅宿業者公布為主。),11000,-
春天酒店,臺北市北投區幽雅路18號1-6樓,02-28924546,http://www.springresort.com.tw/,81間,NT$11000-25000(定價係指各種房型之最高備查價格區間，各房型實際售價請依旅宿業者公布為主。),11000,-
台北北投雅樂軒酒店,臺北市北投區中央里大業路302號、300巷1號，2樓,02-77011788,https://www.alofttaipeibeitou.tw/,292間,NT$11000-28000(定價係指各種房型之最高備查價格區間，各房型實際售價請依旅宿業者公布為主。),11000,-
宜家商旅,臺北市內湖區成功路二段512、514號1至10樓,02-27956777,-,159間,NT$11000-13200(定價係指各種房型之最高備查價格區間，各房型實際售價請依旅宿業者公布為主。),11000,-
皇家季節酒店,臺北市北投區中山路26號1-5樓,02-28969798,http://royalseasons.leefanggroup.com/,44間,NT$11000-11000(定價係指各種房型之最高備查價格區間，各房型實際售價請依旅宿業者公布為主。),11000,-
愛活商旅,臺北市萬華區西寧南路36號10樓之3,02-2361,-,22間,NT$11000-20000(定價係指各種房型之最高備查價格區間，各房型實際售價請依旅宿業者公布為主。),11000,-
長榮桂冠酒店(台北),臺北市中山區松江路63號,02-25019988,http://www.evergreen-hotels.com/branch/taipei,95間,NT$11500-68000(定價係指各種房型之最高備查價格區間，各房型實際售價請依旅宿業者公布為主。),11500,-
維多麗亞酒店,臺北市中山區敬業四路168號,02-85020007,http://www.grandvictoria.com.tw/,96間,NT$11550-23100(定價係指各種房型之最高備查價格區間，各房型實際售價請依旅宿業者公布為主。),11550,5
台灣西鐵國際旅館,臺北市萬華區中華路一段88號1樓、6樓至28樓,02-23143939,-,298間,NT$11700-18000(定價係指各種房型之最高備查價格區間，各房型實際售價請依旅宿業者公布為主。),11700,-
天閣酒店(台北南西),臺北市中山區南京西路3號1至9樓,02-25679999,http://www.tango-hotels.com,52間,NT$11800-11800(定價係指各種房型之最高備查價格區間，各房型實際售價請依旅宿業者公布為主。),11800,-
思泊客,"臺北市信義區信義路五段16號B1,18號B1,B1-1",02-27230999,http://www.sparklehotel.com.tw,45間,NT$11800-11800(定價係指各種房型之最高備查價格區間，各房型實際售價請依旅宿業者公布為主。),11800,-
台北六福萬怡酒店,臺北市南港區忠孝東路七段359號7-30樓,02-21716565,http://www.courtyardtaipei.com,465間,NT$12000-100000(定價係指各種房型之最高備查價格區間，各房型實際售價請依旅宿業者公布為主。),12000,5
台北寒舍喜來登大飯店,臺北市中正區忠孝東路1段12號,02-23215511,http://www.sheratongrandtaipei.com,692間,NT$12000-22000(定價係指各種房型之最高備查價格區間，各房型實際售價請依旅宿業者公布為主。),12000,5
台北五號商旅,臺北市中正區延平南路160之5號(1樓至4樓),02-23883067,http://cheztaipeino5.com/,6間,NT$12000-12000(定價係指各種房型之最高備查價格區間，各房型實際售價請依旅宿業者公布為主。),12000,-
台北士林萬麗酒店,臺北市士林區中山北路五段470巷8號,02-88612389,-,104間,NT$12000-120000(定價係指各種房型之最高備查價格區間，各房型實際售價請依旅宿業者公布為主。),12000,-
台北花園大酒店,臺北市中正區中華路2段1號,02-23143300,http://www.taipeigarden.com.tw,241間,NT$12000-21000(定價係指各種房型之最高備查價格區間，各房型實際售價請依旅宿業者公布為主。),12000,-
華弘怡亨酒店,臺北市大安區敦化南路一段370號,02-27848888,http://www.eclathotels.com/,68間,NT$12000-38000(定價係指各種房型之最高備查價格區間，各房型實際售價請依旅宿業者公布為主。),12000,-
美亞商旅,臺北市中正區忠孝西路一段50號3樓至5樓及3樓之1至5樓之1,02-23313001,http://www.mayerinn.com,264間,NT$12000-24000(定價係指各種房型之最高備查價格區間，各房型實際售價請依旅宿業者公布為主。),12000,-
國聯大飯店,臺北市大安區光復南路200號,02-27731515,http://www.unitedhotel.com.tw,243間,NT$12000-40000(定價係指各種房型之最高備查價格區間，各房型實際售價請依旅宿業者公布為主。),12000,-
珂曼旅館,臺北市萬華區西寧南路77號1-15樓、2樓之1-15樓之1、3樓之2-14樓之2、12樓之3-13樓之3、12樓之5,02-23886000,-,61間,NT$12000-22000(定價係指各種房型之最高備查價格區間，各房型實際售價請依旅宿業者公布為主。),12000,-
六福居,臺北市中山區南京東路一段38號,02-77010165,http://www.leofooresidences.com.tw,49間,NT$12000-17000(定價係指各種房型之最高備查價格區間，各房型實際售價請依旅宿業者公布為主。),12000,-
台北中山九昱希爾頓逸林酒店,"臺北市中山區中山北路一段123號1樓,121巷1號1-14樓",02-66199999,-,105間,NT$12000-18000(定價係指各種房型之最高備查價格區間，各房型實際售價請依旅宿業者公布為主。),12000,-
馥良旅店,臺北市萬華區漢中街52號12樓至13樓,02-2311-2555,https://www.taiwanstay.net.tw/room/33748,32間,NT$12000-20000(定價係指各種房型之最高備查價格區間，各房型實際售價請依旅宿業者公布為主。),12000,-
城市商旅昆明館（HOTELPAPAWHALE）,臺北市萬華區昆明街46號地下1樓、46號及46號2至4樓、4樓之2、4樓之3,02-23311177,http://www.papawhale.com/,335間,NT$12020-22000(定價係指各種房型之最高備查價格區間，各房型實際售價請依旅宿業者公布為主。),12020,-
雀客旅館台北南京,臺北市中山區南京東路3段16號,02-25161610,-,56間,NT$12100-24000(定價係指各種房型之最高備查價格區間，各房型實際售價請依旅宿業者公布為主。),12100,-
門埕青旅,臺北市大同區鄭州路21巷10號(1至3樓),02-25585676,-,2間,NT$12600-12600(定價係指各種房型之最高備查價格區間，各房型實際售價請依旅宿業者公布為主。),12600,-
沃客商旅-西門館,臺北市萬華區中華路一段144號10樓,02-23812633,-,23間,NT$12800-12800(定價係指各種房型之最高備查價格區間，各房型實際售價請依旅宿業者公布為主。),12800,-
WESTGATEHOTEL永安棧,臺北市萬華區中華路一段150號,02-23313161,http://www.westgatehotel.com.tw,121間,NT$12800-12800(定價係指各種房型之最高備查價格區間，各房型實際售價請依旅宿業者公布為主。),12800,-
北投天玥泉溫泉會館,臺北市北投區中山路3號3樓,02-28988661,http://www.tyq.com.tw/,21間,NT$12800-12800(定價係指各種房型之最高備查價格區間，各房型實際售價請依旅宿業者公布為主。),12800,-
雅璞文旅,臺北市中正區黎明里10鄰館前路8號5樓及8樓,02-23709966,-,64間,NT$12800-16800(定價係指各種房型之最高備查價格區間，各房型實際售價請依旅宿業者公布為主。),12800,-
瑞桑德旅店北車館,臺北市中正區重慶南路一段1號5樓,02-23710811,http://www.oxygenhoteltaipei.com,14間,NT$12800-16800(定價係指各種房型之最高備查價格區間，各房型實際售價請依旅宿業者公布為主。),12800,-
陸號行旅西門館,臺北市萬華區臺北市萬華區中華路一段152號5樓、5樓之1、9樓、10樓；成都路1號9樓、10樓,02-23144003,https://inn-3088.business.site/,27間,NT$12800-14800(定價係指各種房型之最高備查價格區間，各房型實際售價請依旅宿業者公布為主。),12800,-
西門航棧旅館,"臺北市萬華區中華路一段144號7-8樓,7樓之1,8樓之1",02-23880777,-,38間,NT$12880-12880(定價係指各種房型之最高備查價格區間，各房型實際售價請依旅宿業者公布為主。),12880,-
酩月大飯店,臺北市萬華區成都路21號4至5樓，23號4至5樓，27巷1號4至5樓,02-23755218,-,31間,NT$12880-16880(定價係指各種房型之最高備查價格區間，各房型實際售價請依旅宿業者公布為主。),12880,-
明日大飯店,臺北市萬華區成都路23號、27巷1號6至8樓,02-23755500,-,40間,NT$12880-16880(定價係指各種房型之最高備查價格區間，各房型實際售價請依旅宿業者公布為主。),12880,-
明星大飯店,臺北市萬華區成都路21號2至3樓、23號2至3樓、27巷1號2至3樓,02-23755227,-,34間,NT$12880-16880(定價係指各種房型之最高備查價格區間，各房型實際售價請依旅宿業者公布為主。),12880,-
玩行旅台北館,臺北市中正區金山南路1段8號1樓至8樓,02-23212680,https://www.wowhappy-taipei.com.tw/,49間,NT$12880-13880(定價係指各種房型之最高備查價格區間，各房型實際售價請依旅宿業者公布為主。),12880,-
陸號行旅中華館,臺北市萬華區中華路一段90號9樓、11樓,02-23112522,-,72間,NT$12880-20880(定價係指各種房型之最高備查價格區間，各房型實際售價請依旅宿業者公布為主。),12880,-
日星商旅,臺北市萬華區成都路111號1樓-6樓,02-2375,https://taiwanstay.net.tw/room/33229,11間,NT$12880-29800(定價係指各種房型之最高備查價格區間，各房型實際售價請依旅宿業者公布為主。),12880,-
台北君品大酒店,臺北市大同區承德路1段3號(1樓.5樓~16樓及地下1樓.地下3樓),02-21819999,http://www.palaisdechinehotel.com/,286間,NT$13000-323400(定價係指各種房型之最高備查價格區間，各房型實際售價請依旅宿業者公布為主。),13000,5
和逸．台北民生館,臺北市中山區民生東路二段178號1至12樓,02-77063399,-,135間,NT$13000-85000(定價係指各種房型之最高備查價格區間，各房型實際售價請依旅宿業者公布為主。),13000,4
台北中山雅樂軒酒店,臺北市中山區雙城街1號,02-77439999,https://aloftzhongshan.com.tw/,88間,NT$13000-15000(定價係指各種房型之最高備查價格區間，各房型實際售價請依旅宿業者公布為主。),13000,-
峻美精旅,臺北市中山區長春路62號6樓,02-25312338,http://hotelbnight.beautyhotels.com.tw/,15間,NT$13000-22000(定價係指各種房型之最高備查價格區間，各房型實際售價請依旅宿業者公布為主。),13000,-
格拉斯麗台北飯店,臺北市中正區忠孝東路2段89號3至19樓,02-23220111,-,248間,NT$13000-13000(定價係指各種房型之最高備查價格區間，各房型實際售價請依旅宿業者公布為主。),13000,-
城市商旅站前館,臺北市大同區延平北路一段51號1至3樓及53號1樓,02-25507000,-,92間,NT$13200-19800(定價係指各種房型之最高備查價格區間，各房型實際售價請依旅宿業者公布為主。),13200,-
神旺商務酒店,臺北市中山區南京東路一段128號2至13樓,02-25115185,http://www.swresidences.com,81間,NT$13600-13600(定價係指各種房型之最高備查價格區間，各房型實際售價請依旅宿業者公布為主。),13600,-
大地酒店,臺北市北投區奇岩路1號,02-55518888,http://thegaiahotel.com/,48間,NT$13800-60000(定價係指各種房型之最高備查價格區間，各房型實際售價請依旅宿業者公布為主。),13800,-
艾特文旅,臺北市萬華區武昌街二段124之2號4樓,02-23885558,https://artoteltaipei.com/,29間,NT$13920-17520(定價係指各種房型之最高備查價格區間，各房型實際售價請依旅宿業者公布為主。),13920,-
北投麗禧溫泉酒店,臺北市北投區幽雅路30號,02-28988888,https://www.gvrb.com.tw/,66間,NT$14000-70000(定價係指各種房型之最高備查價格區間，各房型實際售價請依旅宿業者公布為主。),14000,5
台北美福大飯店,臺北市中山區樂群二路55號,02-77223399,https://www.grandmayfull.com/,146間,NT$14000-200000(定價係指各種房型之最高備查價格區間，各房型實際售價請依旅宿業者公布為主。),14000,5
宜津美侖大飯店,"臺北市大安區復興南路1段315號,317號,317號2樓",02-55793888,-,143間,NT$14000-56000(定價係指各種房型之最高備查價格區間，各房型實際售價請依旅宿業者公布為主。),14000,-
城市商旅德立莊二館,臺北市中正區衡陽路97號2樓、97之1號2樓、99號2樓、101號2樓、101號2樓之1、103號2樓、103號2樓之1、105號2樓、延平南路110號2-4樓,02-23703258,-,199間,NT$14000-16000(定價係指各種房型之最高備查價格區間，各房型實際售價請依旅宿業者公布為主。),14000,-
亞都麗緻大飯店,臺北市中山區民權東路2段41號,02-25971234,http://taipei.landishotelsresorts.com/chinese-trad/,219間,NT$14080-107800(定價係指各種房型之最高備查價格區間，各房型實際售價請依旅宿業者公布為主。),14080,-
雀客旅館台北內湖,臺北市內湖區民權東路6段123巷34弄1號1-12樓,02-87925319,-,87間,NT$14300-14300(定價係指各種房型之最高備查價格區間，各房型實際售價請依旅宿業者公布為主。),14300,-
沐蘭精品旅館,臺北市中山區堤頂大道2段460號,02-85023397,http://mulantp.swmall.com.tw/,46間,NT$14500-14500(定價係指各種房型之最高備查價格區間，各房型實際售價請依旅宿業者公布為主。),14500,-
金弘旅社,臺北市大同區南京西路316號4樓,02-25554038,-,19間,NT$14800-14800(定價係指各種房型之最高備查價格區間，各房型實際售價請依旅宿業者公布為主。),14800,-
寧夏2號旅店,臺北市大同區寧夏路2號,02-25507619,http://www.ningxiano2inn.com,19間,NT$14880-16880(定價係指各種房型之最高備查價格區間，各房型實際售價請依旅宿業者公布為主。),14880,-
柯達大飯店敦南店,臺北市大安區敦化南路二段238號B1-14樓,02-27323333,http://dunnan.khotels.com.tw/zh-TW/,77間,NT$15000-22000(定價係指各種房型之最高備查價格區間，各房型實際售價請依旅宿業者公布為主。),15000,-
鵲絲旅店豪麗旺館,臺北市信義區基隆路二段15-2號,02-23453511,https://guidehotel.com.tw/holypro-hotel/,20間,NT$15000-27000(定價係指各種房型之最高備查價格區間，各房型實際售價請依旅宿業者公布為主。),15000,-
皇家玫瑰旅館站前館,臺北市中山區華陰街3號1-4樓,02-25217222,http://www.rosehotel.com.tw/tw/,12間,NT$15000-15000(定價係指各種房型之最高備查價格區間，各房型實際售價請依旅宿業者公布為主。),15000,-
台北國泰萬怡酒店,臺北市中山區民生東路三段6號地下1樓、1、2、14至20樓,02-77503377,http://www.courtyardtaipeidowntown.com/,227間,NT$15000-100000(定價係指各種房型之最高備查價格區間，各房型實際售價請依旅宿業者公布為主。),15000,-
皇家玫瑰旅館西門館,臺北市萬華區西寧南路63之1號,02-23819333,http://www.rosehotel.com.tw/tw/hotel_about.php?hid=4,7間,NT$15000-15000(定價係指各種房型之最高備查價格區間，各房型實際售價請依旅宿業者公布為主。),15000,-
和逸台北忠孝館,臺北市中正區忠孝東路一段31號1至12樓,02-77253399,http://www.hotelcozzi.com,123間,NT$15000-85000(定價係指各種房型之最高備查價格區間，各房型實際售價請依旅宿業者公布為主。),15000,-
天雲旅棧台北西門,臺北市萬華區昆明街96巷8號1樓,02-23619000,http://www.tango-hotels.com,5間,NT$15000-15000(定價係指各種房型之最高備查價格區間，各房型實際售價請依旅宿業者公布為主。),15000,-
天閣酒店台北信義,臺北市信義區忠孝東路五段297號1-6樓,02-25288000,http://www.tango-hotels.com,105間,NT$15000-15000(定價係指各種房型之最高備查價格區間，各房型實際售價請依旅宿業者公布為主。),15000,-
儷夏商旅,臺北市萬華區中華路一段90號4樓、5樓、6樓、8樓,02-23116168,https://www.muzikhotel.com.tw/,85間,NT$15000-20000(定價係指各種房型之最高備查價格區間，各房型實際售價請依旅宿業者公布為主。),15000,-
甲山林湯旅JSLhotel,臺北市中山區興安街56、58、60號1樓，62號1至9樓,02-25012222,http://www.jslhotel.com.tw,157間,NT$15000-30000(定價係指各種房型之最高備查價格區間，各房型實際售價請依旅宿業者公布為主。),15000,-
朵兒旅館,臺北市中山區新生北路1段66號2樓,02-25232699,http://dorhotel.com.tw,7間,NT$15000-15000(定價係指各種房型之最高備查價格區間，各房型實際售價請依旅宿業者公布為主。),15000,-
大湖璞旅,臺北市內湖區成功路五段462號3樓至14樓、3樓之1至3樓之6、4樓之1至4樓之13、5樓之2至5樓之13、6樓之2至6樓之13、7樓之2至7樓之12、8樓之1至8樓之13、9樓之1至9樓之13、10樓之1至1,02-26338555,-,148間,NT$15000-20000(定價係指各種房型之最高備查價格區間，各房型實際售價請依旅宿業者公布為主。),15000,-
寒居酒店HumbleBoutiqueHotel,臺北市中山區松江路116號1樓至9樓,02-23215511,https://humbleboutique.com.tw/,111間,NT$15000-38000(定價係指各種房型之最高備查價格區間，各房型實際售價請依旅宿業者公布為主。),15000,-
台北西門町意舍酒店,臺北市萬華區武昌街二段77號5-10樓,02-23755111,http://www.amba-hotels.com,162間,NT$15246-15246(定價係指各種房型之最高備查價格區間，各房型實際售價請依旅宿業者公布為主。),15246,-
和苑三井花園飯店台北忠孝,臺北市大安區臺北市大安區忠孝東路三段30號,02-27811131,https://www.gardenhotels.co.jp/taipei-zhongxiao/tw/,297間,NT$15750-29400(定價係指各種房型之最高備查價格區間，各房型實際售價請依旅宿業者公布為主。),15750,-
意寬精品旅館HOMEHOTEL,臺北市信義區松仁路90號3至12樓,02-87890111,http://www.homehotel.com.tw/,113間,NT$15784-21714(定價係指各種房型之最高備查價格區間，各房型實際售價請依旅宿業者公布為主。),15784,-
台北時代寓所,臺北市中正區林森南路7號1至14樓、7-1號1樓,02-77521888,http://www.hotelresonance.com,175間,NT$15800-20000(定價係指各種房型之最高備查價格區間，各房型實際售價請依旅宿業者公布為主。),15800,-
謙商旅(谷墨商旅-師大館),臺北市大安區和平東路一段145號2至4樓、147號5至6樓、6樓之1、6樓之2,02-23955535,https://www.goodmorehotel.com,92間,NT$15880-20880(定價係指各種房型之最高備查價格區間，各房型實際售價請依旅宿業者公布為主。),15880,-
晶華酒店,臺北市中山區中山北路2段39巷3號,02-25238000,http://www.regenttaiwan.com,550間,NT$16000-180000(定價係指各種房型之最高備查價格區間，各房型實際售價請依旅宿業者公布為主。),16000,5
雲沐行旅,臺北市大安區忠孝東路四段197號13樓及13樓之4、5、6、7、8、9,02-27735177,-,42間,NT$16000-25000(定價係指各種房型之最高備查價格區間，各房型實際售價請依旅宿業者公布為主。),16000,-
台北君悅酒店,臺北市信義區松壽路2號,02-27201234,http://taipei.grand.hyatt.com,866間,NT$16000-120000(定價係指各種房型之最高備查價格區間，各房型實際售價請依旅宿業者公布為主。),16000,5
金普頓大安酒店,臺北市大安區仁愛路四段27巷25號,02-21737999,http://www.Kimptonhotels.com/Taipei,129間,NT$16000-30000(定價係指各種房型之最高備查價格區間，各房型實際售價請依旅宿業者公布為主。),16000,-
慕居行旅,臺北市信義區基隆路二段22號5樓,02-27295828,http://members.tw/,25間,NT$16000-20000(定價係指各種房型之最高備查價格區間，各房型實際售價請依旅宿業者公布為主。),16000,-
誠品行旅,臺北市信義區菸廠路98號,02-66262888,http://www.eslitehotel.com,104間,NT$16000-138000(定價係指各種房型之最高備查價格區間，各房型實際售價請依旅宿業者公布為主。),16000,-
美侖商旅,臺北市中山區吉林路49號1至8樓,02-25313535,https://www.parkviewtaipei.com,70間,NT$16000-18000(定價係指各種房型之最高備查價格區間，各房型實際售價請依旅宿業者公布為主。),16000,-
宿之酒店,臺北市萬華區環河南路一段51號2至14樓,02-23755511,https://www.suz.mobi/,87間,NT$16000-80000(定價係指各種房型之最高備查價格區間，各房型實際售價請依旅宿業者公布為主。),16000,-
日光拾玖,臺北市中正區忠孝西路一段50號19樓、19樓之1、之2、之5、之17、之27、之29、之31、之43及19樓等共同使用,02-23889998,-,40間,NT$16000-16000(定價係指各種房型之最高備查價格區間，各房型實際售價請依旅宿業者公布為主。),16000,-
瀚寓酒店,臺北市信義區基隆路一段206號1至12樓,02-87583777,-,120間,NT$16000-60000(定價係指各種房型之最高備查價格區間，各房型實際售價請依旅宿業者公布為主。),16000,-
賦樂旅居,臺北市大安區大安路一段56號、56號4樓,02-27111118,https://www.hotel-proverbs.com/tw/,42間,NT$16170-24255(定價係指各種房型之最高備查價格區間，各房型實際售價請依旅宿業者公布為主。),16170,-
町記憶旅店,臺北市萬華區昆明街117號、117之1至之6號及119號、119之1至之6號1至7樓,02-23709830,http://www.chohotel.com,42間,NT$16800-28800(定價係指各種房型之最高備查價格區間，各房型實際售價請依旅宿業者公布為主。),16800,-
町記憶旅店2館,臺北市萬華區昆明街113號2-4樓，115號1-4樓,02-23709830,https://www.chohotel.com/,27間,NT$16800-38800(定價係指各種房型之最高備查價格區間，各房型實際售價請依旅宿業者公布為主。),16800,-
台北萬豪酒店,臺北市中山區樂群二路199號,02-85029999,http://www.taipeimarriott.com,318間,NT$17000-200000(定價係指各種房型之最高備查價格區間，各房型實際售價請依旅宿業者公布為主。),17000,5
JR東日本大飯店台北,臺北市中山區臺北市中山區南京東路三段133號,02-77500999,https://taipei.metropolitan.tw/,288間,NT$17325-103950(定價係指各種房型之最高備查價格區間，各房型實際售價請依旅宿業者公布為主。),17325,-
城市商旅德立莊分館,臺北市中正區秀山街4號5-12樓、15樓；衡陽路99號5-12樓、15樓；延平南路110號5-11樓、15樓,02-23757777,https://www.midtownrichardson.com/zh-tw,535間,NT$18000-20000(定價係指各種房型之最高備查價格區間，各房型實際售價請依旅宿業者公布為主。),18000,-
皇家玫瑰旅館林森館,臺北市中山區林森北路133巷8號,02-25317333,http://www.rosehotel.com.tw/tw/,16間,NT$18000-18000(定價係指各種房型之最高備查價格區間，各房型實際售價請依旅宿業者公布為主。),18000,-
楓の微笑會館,臺北市士林區菁山里菁山路131巷18之1號,02-28622145,http://www.2ftv.com.tw,5間,NT$18000-18000(定價係指各種房型之最高備查價格區間，各房型實際售價請依旅宿業者公布為主。),18000,-
甄美精品商旅,臺北市中山區林森北路259巷9號2樓,02-25639696,http://bfun.beautyhotels.com.tw/,41間,NT$18000-22000(定價係指各種房型之最高備查價格區間，各房型實際售價請依旅宿業者公布為主。),18000,-
慶爾喜旅館西門捷運館,臺北市萬華區中華路一段152號7樓、11樓及成都路1號7樓、11樓,02-77309920,https://www.taiwanstay.net.tw/room/33132,21間,NT$18000-35000(定價係指各種房型之最高備查價格區間，各房型實際售價請依旅宿業者公布為主。),18000,-
町記憶旅店3館,臺北市萬華區昆明街142號2、3樓,02-23709930,https://reurl.cc/jg3qZZ,44間,NT$18800-28800(定價係指各種房型之最高備查價格區間，各房型實際售價請依旅宿業者公布為主。),18800,-
MVSA慕舍酒店,臺北市中山區建國北路一段61號,02-25006772,https://www.hotelmvsa.com/,38間,NT$18800-36800(定價係指各種房型之最高備查價格區間，各房型實際售價請依旅宿業者公布為主。),18800,-
台北大直英迪格酒店,"臺北市中山區植福路200號1樓,5樓至10樓",02-35187777,-,149間,NT$18800-180000(定價係指各種房型之最高備查價格區間，各房型實際售價請依旅宿業者公布為主。),18800,-
台北慕軒,臺北市大安區敦化南路一段331號1-13樓,02-77266699,http://www.madisontaipei.com,124間,NT$19000-130000(定價係指各種房型之最高備查價格區間，各房型實際售價請依旅宿業者公布為主。),19000,4
台北W飯店,臺北市信義區忠孝東路五段10號,02-77038888,https://www.marriott.com/hotels/travel/tpewh-w-taipei/,405間,NT$20000-365000(定價係指各種房型之最高備查價格區間，各房型實際售價請依旅宿業者公布為主。),20000,-
凡登商旅●二館,臺北市大安區忠孝東路4段197號14樓之2、6、8,02-87710852,http://www.vdthotel.com/,32間,NT$20000-20000(定價係指各種房型之最高備查價格區間，各房型實際售價請依旅宿業者公布為主。),20000,-
天雲旅棧台北基河,臺北市士林區基河路18號,02-28856666,-,31間,NT$20000-20000(定價係指各種房型之最高備查價格區間，各房型實際售價請依旅宿業者公布為主。),20000,-
義華酒店,臺北市中山區樂群二路197號,02-85029988,http://www.yihuahotel.com.tw/,149間,NT$20000-33000(定價係指各種房型之最高備查價格區間，各房型實際售價請依旅宿業者公布為主。),20000,-
唯樂米窩,臺北市萬華區成都路101、103號1-6樓,02-23759951,https://welovemeworld.business.site/,34間,NT$20000-20000(定價係指各種房型之最高備查價格區間，各房型實際售價請依旅宿業者公布為主。),20000,-
漫步1948,臺北市大同區太原路40、42、44號(1至4樓),02-25588812,https://staymeander.com/,24間,NT$20000-25000(定價係指各種房型之最高備查價格區間，各房型實際售價請依旅宿業者公布為主。),20000,-
天閣酒店台北士林,臺北市士林區基河路16-8號1樓至11樓,02-28866888,http://www.tango-hotels.com,51間,NT$20000-20000(定價係指各種房型之最高備查價格區間，各房型實際售價請依旅宿業者公布為主。),20000,-
立和商務旅館-漢口館,臺北市萬華區漢口街二段54號10樓,02-23613350,https://www.taiwanstay.net.tw/room/33230,59間,NT$20000-40000(定價係指各種房型之最高備查價格區間，各房型實際售價請依旅宿業者公布為主。),20000,-
摩莎曼拉商務旅館-西門館,臺北市萬華區漢口街二段54號8樓、8樓之1、8樓之6、8樓之7、8樓之8、9樓、9樓之1,02-23613350,https://www.taiwanstay.net.tw/room/33231,88間,NT$20000-40000(定價係指各種房型之最高備查價格區間，各房型實際售價請依旅宿業者公布為主。),20000,-
華泰瑞舍,"臺北市中山區林森北路357及359號2樓,-1,-2,-3,-5,-6至7樓,-1,-2,-3,-5,-6、2樓-7,-8,-9至5樓-7,-8,-9",02-25310699,http://www.gloriaresidence.com,48間,NT$21000-28000(定價係指各種房型之最高備查價格區間，各房型實際售價請依旅宿業者公布為主。),21000,-
茹曦酒店,臺北市松山區敦化北路100號,02-27198399,http://www.theillumehotel.com,312間,NT$22000-23100(定價係指各種房型之最高備查價格區間，各房型實際售價請依旅宿業者公布為主。),22000,-
柔美商旅,臺北市中山區建國北路二段64巷9號,02-25031133,http://roumeihotel.com.tw,47間,NT$22000-28000(定價係指各種房型之最高備查價格區間，各房型實際售價請依旅宿業者公布為主。),22000,-
台北遠東香格里拉,臺北市大安區敦化南路2段201號,02-23788888,-,420間,NT$22176-263225(定價係指各種房型之最高備查價格區間，各房型實際售價請依旅宿業者公布為主。),22176,5
台北寒舍艾美酒店,臺北市信義區松仁路38號,02-66228000,http://www.lemeridien-taipei.com/,160間,NT$22600-220000(定價係指各種房型之最高備查價格區間，各房型實際售價請依旅宿業者公布為主。),22600,-
沃客汽車旅館,臺北市北投區承德路七段236號,02-28226666,-,63間,NT$22999-22999(定價係指各種房型之最高備查價格區間，各房型實際售價請依旅宿業者公布為主。),22999,-
日勝生加賀屋國際溫泉飯店,臺北市北投區溫泉里11鄰光明路236號,02-28911111,http://www.kagaya.com.tw,89間,NT$23000-120000(定價係指各種房型之最高備查價格區間，各房型實際售價請依旅宿業者公布為主。),23000,-
璞樂米窩,臺北市信義區松山路153號2-7樓,02-27565659,-,33間,NT$25000-25000(定價係指各種房型之最高備查價格區間，各房型實際售價請依旅宿業者公布為主。),25000,-
正是旅館,臺北市信義區基隆路一段182號1樓至7樓,02-23718230,-,18間,NT$25000-25000(定價係指各種房型之最高備查價格區間，各房型實際售價請依旅宿業者公布為主。),25000,-
慶爾喜旅館,臺北市萬華區武昌街二段72號11樓,02-77309920,-,6間,NT$25000-25000(定價係指各種房型之最高備查價格區間，各房型實際售價請依旅宿業者公布為主。),25000,-
喜園旅館,臺北市萬華區中華路一段90號3樓、3樓之1、3樓之2,02-77309920,-,35間,NT$25000-25000(定價係指各種房型之最高備查價格區間，各房型實際售價請依旅宿業者公布為主。),25000,-
藝築文旅台北站前館,臺北市中正區襄陽路8號3至11樓,02-23820150,-,90間,NT$28800-39800(定價係指各種房型之最高備查價格區間，各房型實際售價請依旅宿業者公布為主。),28800,-
三二行館,臺北市北投區中山路32號,02-66117888,http://www.villa32.com,5間,NT$29800-29800(定價係指各種房型之最高備查價格區間，各房型實際售價請依旅宿業者公布為主。),29800,-
艾捷天麗大飯店,臺北市松山區南京東路四段156號1-11樓,02-25796162,http://www.hej-taipeiarena-hotel.com.tw,78間,NT$30000-46000(定價係指各種房型之最高備查價格區間，各房型實際售價請依旅宿業者公布為主。),30000,-
路徒PLUS行旅-站前館,臺北市中正區忠孝西路一段80號24至35樓,02-23886366,https://roadersplushotel.com,127間,NT$33888-48888(定價係指各種房型之最高備查價格區間，各房型實際售價請依旅宿業者公布為主。),33888,-
台北文華東方酒店,臺北市松山區敦化北路158號B3-14樓,02-27156888,http://mandarinoriental.com,303間,NT$39850-693000(定價係指各種房型之最高備查價格區間，各房型實際售價請依旅宿業者公布為主。),39850,-
大倉久和大飯店,臺北市中山區南京東路1段9號,02-25231111,http://www.okurataipei.com.tw,208間,NT$50000-160000(定價係指各種房型之最高備查價格區間，各房型實際售價請依旅宿業者公布為主。),50000,5
晶城青年旅館,臺北市大同區南京西路288號4F,02-25507220,-,3間,NT$50400-50400(定價係指各種房型之最高備查價格區間，各房型實際售價請依旅宿業者公布為主。),50400,-
